Iteration,Function,Gradient,Alpha
1,1.4036566804702716e+20,1.631195400608309e+16,0.1
2,6839531471.943453,329768538.5310381,2.1162649028182978e-12
3,6839301336.6293545,329760651.0589906,2.116264860037798e-12
4,1107206358.7054696,92280951.59785497,8.847924468568522e-08
5,362932338.3241019,42399759.17368476,1.2284658362618124e-07
6,98080296.16664599,14711581.16404912,2.2714090558904054e-07
7,49497551.38790979,5024134.964509886,3.4664947395315e-07
8,41080426.11584374,2027431.4217171157,5.151144888044497e-07
9,38585757.10392426,1416041.2042814768,7.486769290082826e-07
10,35616298.78426085,729043.2884512522,2.0132139866793795e-06
11,34338887.84353955,614256.0626356016,4.055047860519345e-06
12,38822132.106241435,3941652.4560528006,5.330269144041251e-06
13,34185155.60220915,840684.8981727731,7.989875235551306e-07
14,33925570.74216874,140151.85166769885,6.604979258901823e-07
15,33913320.46758441,114431.51489072325,7.390294017675877e-07
16,33884626.371299595,98534.66128828014,2.366690473447253e-06
17,33797186.06974504,171841.78174140173,1.614440810623598e-05
18,39886386.17769898,3867493.2061482966,1.938276565735122e-05
19,33793664.218281075,418696.0680704692,8.666899572755054e-07
20,33732204.09478987,70948.74486477513,7.827525160175315e-07
21,33729466.90213946,51673.37054688342,7.116040017289172e-07
22,33725440.62737979,51670.36186210683,1.5079725329393245e-06
23,114875553.95817493,10554079.102859296,0.013873626925074241
24,1.377030408239925e+18,466294804197993.2,0.0011819400617050584
25,1.7329200795790124e+16,18035023368077.97,2.817469402978616e-11
26,9890334105757394.0,11569868387837.904,2.819879311103528e-11
27,3022186188599260.0,4468817391240.772,7.836699014704745e-11
28,1210425055610342.5,2185934756281.94,1.2595584626515281e-10
29,406837402032350.3,953089542831.6565,2.4386021181356767e-10
30,136062774511589.61,418333872062.4373,4.297502506015447e-10
31,43981237360197.99,179326429613.85596,7.650799377940906e-10
32,14307482351926.082,77273830704.65959,1.3388956284833287e-09
33,4635444709345.498,33208231392.61272,2.352651434571914e-09
34,1502128239662.923,14281141304.822077,4.125614550928657e-09
35,485665511721.6814,6136897196.42809,7.238520606894776e-09
36,156575827099.40143,2635668966.2982864,1.2692902723010028e-08
37,50218431050.75878,1130503731.0202153,2.2247791958850923e-08
38,15975479915.224157,483850859.5321531,3.895707164162184e-08
39,5021730156.661669,206287104.10407686,6.810268270580463e-08
40,1557972031.726304,87368720.80002172,1.1869670107554318e-07
41,484062516.9254236,36629934.73386519,2.0578335054690568e-07
42,160813435.33736008,15232225.930218542,3.536181219926721e-07
43,65513249.93094591,6504888.827626517,6.008604023129738e-07
44,35065799.90160578,3030360.3115488263,1.0247449972489955e-06
45,23054267.2811897,1392287.091163853,1.8669136206031516e-06
46,18582239.4355527,722050.7863172268,3.4147917197512873e-06
47,19004247.361841828,2126950.1518401494,5.69736084103765e-06
48,22269795.65940461,3041746.460334468,2.4578429605104246e-06
49,16951285.126792286,296881.45320148603,1.0206002736666324e-06
50,16892573.09592066,160052.3343537839,1.1130268233834245e-06
51,16860647.536089215,138508.5977177072,1.381155447209751e-06
52,16771560.155931683,130205.74060614908,7.079918328168455e-06
53,17331574.996610723,1083315.091714605,1.0324828715183892e-05
54,16778443.101035487,295056.7063276337,1.2497789665494995e-06
55,16737271.681521323,33367.36728915194,9.841035256971185e-07
56,16736300.913207196,30418.595744792197,9.5101899574212e-07
57,16731055.523700269,30035.415622062243,5.715457295078794e-06
58,16461157.451629601,86123.98503411259,0.000350969256295058
59,7916157344.730369,317170172.67873937,0.0012041100094872955
60,49166110.0860139,7978709.052061446,3.4884807666443346e-07
61,32387823.08601861,4332651.317914407,3.472258200162892e-07
62,23696622.016341764,1715360.652805642,7.416885052396838e-07
63,21133496.88588318,1275591.6943854464,1.0217482762354914e-06
64,17111421.715577606,571303.7443064053,3.5528174949257014e-06
65,15823260.138304949,471702.1083978588,6.3688201603189166e-06
66,21463502.153304204,3828090.5524771092,8.823393768222825e-06
67,15840181.283142202,872009.5864557846,1.086096553375104e-06
68,15454430.383432698,131778.0092482191,8.854231620172013e-07
69,15443709.400753656,62281.417210795626,1.0252084622913708e-06
70,15438930.908248175,57383.19967798035,1.2865293610975907e-06
71,15410866.26942401,35563.24901879569,1.5152191625994842e-05
72,15473030.35487385,387346.06238873967,1.734693690587053e-05
73,15524238.263495732,518226.7774901873,2.275887458308339e-06
74,15396242.531092312,28325.064172041508,9.774382004897183e-07
75,15395524.156869221,26297.19375476513,9.604529417315582e-07
76,15390626.129060466,26302.043487867115,7.087372177590884e-06
77,27843406.730573688,4361075.775808985,0.005444245151245268
78,1.2013657727648738e+16,14515695278750.68,0.0007532364211740911
79,2781697378.005585,146339420.671875,2.2642003067991122e-10
80,2776851768.051365,146144812.58746248,2.2641995538517162e-10
81,585258021.809745,43710847.68892092,1.7026087686486047e-07
82,246874460.16714743,21907021.343985688,2.426454382215616e-07
83,88089389.97523107,9386553.635634402,4.845729738548344e-07
84,36282702.44819996,4175463.762622605,8.394260268635134e-07
85,19100429.541556515,1731240.1941911434,1.5113764912084497e-06
86,14223669.325750899,932405.1936943873,2.3063422016910153e-06
87,12393157.847206084,1032726.1280729666,4.200278146775229e-06
88,15039512.945894964,2321258.885994018,4.343452816808489e-06
89,11259212.119884193,371523.7446180425,1.473600737336592e-06
90,11142370.935334582,223237.89933518448,1.3274059174324655e-06
91,11058799.76117152,195734.64272616632,1.84259152547298e-06
92,10808119.561584568,239255.49542956444,1.0304109908851956e-05
93,14862834.301270688,2930357.605954436,1.4563252946139745e-05
94,10806480.011568796,433589.461431473,1.1863166843366295e-06
95,10695846.154880106,64663.23133505752,1.034016750792565e-06
96,10692722.984133927,33357.0592441831,1.1916157638161292e-06
97,10690990.549209975,31861.65068681899,1.5950399184091368e-06
98,10672140.51957974,28506.784087003416,3.342537363731383e-05
99,10837674.545643497,549269.7988693372,3.765750987264196e-05
100,11080599.327333676,883899.435674603,2.968926926603965e-06
101,10655286.580890138,33008.61669997685,1.1391678568991715e-06
102,10654440.803701509,20227.508816270416,1.1071258843929892e-06
103,10653686.815390294,20120.26922099523,1.8514511555134283e-06
104,10597616.847798359,119523.24309818649,0.0001982737062056345
105,1465709624.8176968,106514459.09845307,0.00032911996900536955
106,20168277.794354532,3085416.2138983435,3.891008615345025e-07
107,16935582.287392866,2439670.3701521168,3.784774682241637e-07
108,12727132.390283145,1076476.9154064045,1.8002527349738317e-06
109,11905556.597758763,507062.5648679756,1.3827786540166018e-06
110,11595526.012798527,399074.96194125485,1.446155656263076e-06
111,11044443.877866672,290484.82414699957,4.364094191771811e-06
112,11295583.366882224,1184510.1261599066,1.0958764438015603e-05
113,15897119.621431774,2691837.0639863177,4.288712677553982e-06
114,10517937.861945378,202476.07503814955,1.3164760144101402e-06
115,10490035.55393292,81053.79020097636,1.4164125902524777e-06
116,10482471.128010526,67752.24703008618,1.3577850872981058e-06
117,10464124.69135108,58319.642811028374,4.470388469129176e-06
118,10479232.791429948,303426.1497450462,2.1153027957838287e-05
119,12855925.894150786,2186113.43362718,8.795326284231722e-06
120,10421440.885071846,43906.31355057263,1.0747456906926733e-06
121,10420138.998999136,20023.265311574316,1.055884086884781e-06
122,10419566.039537912,19645.009135426273,1.4639294331041582e-06
123,10408265.251849508,31325.6809744003,3.073856697964895e-05
124,44180836.317445226,9447058.070305316,0.0003245980262181115
125,19322737.70463482,3321662.937736739,1.3703722553653267e-06
126,11350847.18388367,1279591.6390603157,1.013909327208565e-06
127,10387322.428932283,424413.6739135775,1.6492021591401542e-06
128,10284877.607917253,38507.02748267255,1.2391423186788634e-06
129,10283757.526433349,20834.84048475771,1.1542897309181455e-06
130,10283037.07274385,20624.748765185708,1.6691283539726126e-06
131,10245437.380484818,53726.68636553415,0.0001475176104053786
132,29388850.770536948,6615021.492132181,0.0001836495433243438
133,36264571.37440288,4752532.784530358,2.2762567377783553e-06
134,13555566.393336184,2026788.2744589825,1.3277957168377763e-06
135,12269796.8264237,1804533.7430161866,2.31153821731843e-06
136,10558463.327780448,303135.4406184812,1.239314520443601e-06
137,10485522.089268234,182442.16816395472,1.1108345760189482e-06
138,10424911.95918848,162519.6503199367,1.938997705016847e-06
139,10178403.089901725,143465.9957031347,1.6039051908274015e-05
140,13147558.339290602,2431703.6396773756,1.9971913654482114e-05
141,10172437.57457462,228179.8747869375,1.16732799921385e-06
142,10141287.94491933,32164.5819990703,1.0676283190419536e-06
143,10140426.806625947,20009.763304859327,1.209684030995629e-06
144,10139653.81986184,19874.01444584545,1.938271174188572e-06
145,10081639.50623129,85938.57806484083,0.00024429148733217537
146,99771159.46650629,4504213.319565118,0.0003052082376108772
147,24805332.564699188,5737382.265082693,6.145802248840132e-06
148,43664233.849687375,4998982.475812818,2.8147804442974787e-06
149,14059413.639023017,2292355.2143623475,1.5062354698591918e-06
150,14736482.820881594,3047330.0446153875,2.780373760768659e-06
151,10209700.641344722,418580.9676909668,1.1985948831497112e-06
152,10095784.869619574,138181.44193490714,1.0627267607125913e-06
153,10072731.821853455,119381.72962757715,1.3597892268803277e-06
154,9999105.984816296,91155.2390973492,6.064587573712787e-06
155,10044088.32893316,483294.9608704335,2.071752459791065e-05
156,14230889.146822754,2405289.4848304866,8.203006644286854e-06
157,9908408.281516772,79080.53890829372,1.3741939275228717e-06
158,9904430.28696522,24270.888032601702,1.4194538413040248e-06
159,9903807.56542978,19851.1261782838,1.2838908738591844e-06
160,9902390.176264932,19684.710438448696,3.6354170736344547e-06
161,9902424.221203912,288141.2708896986,0.00017121617341722792
162,472364550.58537894,48577633.44164421,8.60163921370771e-05
163,10017200.267796108,484006.72662454937,5.112774027560536e-07
164,9921784.359647652,295452.56160652934,5.063012390364292e-07
165,9864532.661952002,73855.52151257587,1.2896897418691147e-06
166,9857771.246517513,68381.0384341269,1.30458674487943e-06
167,9812295.419542637,37553.22387200951,1.3099291721092003e-05
168,9835238.419694753,265091.37747494364,2.565010409000446e-05
169,11149689.167862736,1585119.6627662426,7.886584729593648e-06
170,9789536.389905548,34122.57089952177,1.133378244129971e-06
171,9788656.09793857,18936.48356629388,1.1135475018536907e-06
172,9788040.589143042,18830.901826422123,1.7333630126336087e-06
173,9759643.527166292,72293.13661398861,8.891178200662801e-05
174,895711050.0064261,75342853.200939,0.0004486041814370553
175,11804686.552980477,1759479.3197636297,4.4636726917414043e-07
176,10649322.072614603,1244376.549058052,4.361844557140544e-07
177,9621691.777784813,182582.21975288802,1.4898118716542377e-06
178,9601103.770752437,34306.81790995772,1.3026755732016079e-06
179,9599793.160677154,30110.243847154907,1.24300147447558e-06
180,9594786.369944826,25907.064590510825,5.966763544118051e-06
181,9579186.26512993,43176.14719164064,4.0091682243524065e-05
182,10739077.690183664,1314606.9510840287,4.773839731484587e-05
183,9691983.309816837,472575.53589297197,1.751544876015804e-06
184,9561158.248388954,44234.63544381344,1.2890223510096322e-06
185,9559720.974700866,20333.099261844105,1.19246064224806e-06
186,9559083.653017562,20111.883452421753,1.551509209997403e-06
187,9527972.449222188,42833.65365717803,0.00012059373422738014
188,17708378.337707277,4054140.0085756737,0.00016628161191176985
189,26740815.508882016,4070055.6181730125,2.8188470276820784e-06
190,10637471.206602436,1187818.300097395,1.4093856148129152e-06
191,9913119.082349911,678469.8139412991,1.9871737893262596e-06
192,9634445.724066595,139140.6610405982,1.2895094791346269e-06
193,9613280.330048844,118947.11019998713,1.2312487198125807e-06
194,9545312.000858864,89641.12828092997,5.491619955281631e-06
195,9446963.077037394,20261.316791885878,2.219925634746968e-05
196,9442180.126536127,87019.71984482552,2.5228350047671404e-05
197,10975654.987829696,1681412.2306409606,2.3480313119618025e-05
198,9433232.622523893,82078.94561261045,1.1839247887855304e-06
199,9428925.771369938,19622.180884316484,1.1303109236540218e-06
200,9428456.335183764,18450.034283746994,1.2991245311785104e-06
201,9424869.032583287,18677.599431708495,1.0559540669055271e-05
202,38346616.08355764,8500539.15584974,0.0026345894877215868
203,576974818060.6388,8427275428.718573,3.721072872027113e-05
204,35709823.55887797,8047902.7945843665,3.74993726566053e-08
205,33346725.817840915,7628927.371864372,3.7463598386473534e-08
206,9748575.390947374,1397245.1590232262,7.196207235784757e-07
207,8691112.995018572,340712.37072569603,8.809649140981961e-07
208,8618833.948886234,30300.11698985067,1.1647804520271303e-06
209,8618053.632169386,17640.901190551718,1.2590961303684558e-06
210,8617450.734953688,17636.354042495692,1.9382366392915e-06
211,8070787.420374458,352030.1483862717,0.002053086804561745
212,3761579234925186.5,6076003492978.402,0.007127470496482194
213,14514181.361669276,3728440.3136287476,4.1316294072515653e-10
214,14508439.08391849,3726873.0771141187,4.131626873333442e-10
215,7038616.039838452,530926.1149325474,9.829097989394412e-07
216,6844123.805906833,142307.64936329122,1.143060478677858e-06
217,6821552.105809158,100978.53405647432,1.4560435133368952e-06
218,6791759.650900674,88763.74086338878,3.111878248463715e-06
219,6679623.054377503,21709.47382585905,2.5664524109087558e-05
220,6708225.045916851,229493.4711368988,2.977185289208038e-05
221,6876589.200509463,518648.53853139275,4.872924619595827e-06
222,6669333.70521231,16957.344740253753,1.4998060123619103e-06
223,6668932.862786427,15540.853999321907,1.5210941313250895e-06
224,6666737.816102648,15607.167775239392,9.099833210026286e-06
225,17793852.078281168,4684736.506191029,0.0036659308299490365
226,10333164719953.326,72992684387.14209,0.0001284128703228812
227,17830032.984612636,4659607.224917669,8.241931685615036e-09
228,17651875.16426739,4619051.893474989,8.241405727071788e-09
229,6438849.396576663,754480.1456511247,9.468952714810776e-07
230,6047345.260526523,184113.08894869772,1.1306662881520902e-06
231,6016622.311936693,82244.95512269266,1.4637523187459359e-06
232,6004070.487032831,76350.58610166285,1.9298651162140093e-06
233,5918323.320437193,31853.07645648947,2.516235049958759e-05
234,6085171.015781469,465065.3487562493,3.112568869646209e-05
235,5965372.819300627,276388.686596973,2.512473358627108e-06
236,5907819.305157947,18347.866869595997,1.5780362332923064e-06
237,5907398.9985719975,14613.733009307625,1.521327328557437e-06
238,5906493.702590835,14614.096962253145,4.240665123631093e-06
239,5919521.398684557,1036313.5779439848,0.0055576272280329405
240,1.0446040908192988e+16,13070232557818.232,0.0030682227738422223
241,116981068958.27863,2461444125.4227595,2.438465311411633e-10
242,115510663056.5413,2438181526.48322,2.438465010753727e-10
243,23039197804.095512,726221062.6764253,2.5801697174610907e-08
244,8971963574.11252,356970097.1644442,3.674684391086687e-08
245,2752747612.436755,145914118.0886129,7.22711758624911e-08
246,945405690.7384738,64179754.177480936,1.2223277043031118e-07
247,327433275.61539173,27556279.540503696,2.1818160464428373e-07
248,126561753.05471122,12123736.690003015,3.820345336539134e-07
249,56653168.91912584,5657282.363715475,6.78977123539597e-07
250,27310555.70793855,3183272.9490617393,1.2409713644043995e-06
251,8162430.443961962,1376548.7357203783,2.590379825887984e-06
252,6154152.872575554,1426384.5036651294,4.536536633260255e-06
253,4686870.537070829,678521.4643069147,2.727104765411291e-06
254,4117999.17031229,245900.58722677868,1.986991007253711e-06
255,3980756.816898477,201253.22306377455,2.5619103608211373e-06
256,3658589.503860947,120736.20366821022,1.137200604495367e-05
257,4017279.9041131986,734865.9554503624,2.0288385930745718e-05
258,4379159.925445242,851165.1751970667,4.483455518778062e-06
259,3528733.650986246,83565.30800492008,2.081662615067899e-06
260,3520586.7749527334,30757.561597775606,2.2942498815829022e-06
261,3518578.293182817,27549.189004271964,2.3256997742517097e-06
262,3510028.230683946,21826.80886954951,1.335463459010208e-05
263,3532961.5830232888,180403.8117263267,4.283878881315396e-05
264,4057939.274632842,789462.7365845463,1.0162586839249917e-05
265,3498102.0084580174,21516.30174367371,1.895101918241082e-06
266,3497529.222651867,11394.811365072577,1.852549545824823e-06
267,3497171.8437596643,11302.792754972254,2.786976226028813e-06
268,3484014.1915431856,33475.96438757319,0.00011237708635808708
269,227158470.34476447,27466535.707319565,0.0006744451165648271
270,5205586.213887735,1171880.185428081,8.756734635041491e-07
271,4219721.690742988,822867.4465204593,8.398591661908194e-07
272,3452674.1646916606,216000.62681767743,2.819690246876803e-06
273,3406422.5090521295,36442.829283709674,2.2394240761047413e-06
274,3404428.7604489364,24568.38109509871,2.0282903913761814e-06
275,3402169.1890320885,22638.533050999642,3.898898645217542e-06
276,3388830.8910560557,13239.100983600994,4.894907445179719e-05
277,3403104.6630228176,145658.62854585078,5.2517126166793266e-05
278,3712615.196110644,541900.5634494954,1.0238687420347912e-05
279,3380516.0385222114,13334.491128841786,2.177329422857578e-06
280,3380188.506356229,11104.20567183649,2.2084433797254424e-06
281,3379372.1082143555,11152.03947200902,6.653621696770354e-06
282,3489710.8060957347,443799.7829330283,0.000679729445419304
283,91123924.45846693,14707337.366254872,0.00014573223468368146
284,3543495.59214245,451584.1778506159,4.270033733519464e-06
285,3558539.0077518253,508641.2290858514,4.4048456217555356e-06
286,3311131.0709704473,39551.699860759996,2.0788125576414348e-06
287,3308961.9839769765,23858.634779909837,1.9647804732696678e-06
288,3307134.0075363074,22271.428281020042,3.334378751487152e-06
289,3294665.969249431,24398.56269859828,4.5197401091087265e-05
290,3574112.204456101,547907.1116999735,5.1166353948389604e-05
291,3306536.808816478,133585.18519763887,2.460854686032049e-06
292,3287544.088963356,13796.81833043359,1.9805275478697233e-06
293,3287216.700050955,10905.711762804012,2.1290021860778342e-06
294,3286558.44620501,10906.200181850398,5.537980463141928e-06
295,3377926.1448114687,764593.138476276,0.004521911339168447
296,439364802888466.2,1214048385753.6548,0.0019286677605554442
297,1735137607.424824,103731677.2632973,1.2159529816650883e-09
298,1722090904.8436463,103141559.00471237,1.2159503437579615e-09
299,351352028.28203297,30792964.53699621,2.137408863409564e-07
300,141234623.37005836,15252814.68951085,3.045682204952981e-07
301,46220385.51718661,6309151.975677995,6.029230893539404e-07
302,17771419.878870133,2791242.867997683,1.0268645134646753e-06
303,7923449.236967786,1199363.254387792,1.8415984810616091e-06
304,4697776.06141702,542146.1987164888,3.2077132076759627e-06
305,3507256.1881700302,245522.97266693474,5.834361196632001e-06
306,3098785.8448383478,181538.55417969747,1.0476735374313602e-05
307,3900397.477075296,1012674.3154803854,1.5994023169911397e-05
308,3180718.8556646877,460003.74383572576,3.040679464530639e-06
309,2924530.9315332435,74368.84617319606,2.099611561266334e-06
310,2915564.05826597,45076.37893717169,2.4269027758187006e-06
311,2908537.022985191,41183.56468530147,3.6456438093907497e-06
312,2873445.991096201,49777.83462617322,3.5623298280138735e-05
313,3672760.328583643,781992.7734745188,4.349416381341178e-05
314,2868543.404520628,64224.93587729535,2.7078292185085057e-06
315,2863949.0331118917,13399.102693383535,2.5052369230877102e-06
316,2863628.4378447463,10248.712648907886,2.262907532657629e-06
317,2863065.5292380615,10240.470766171833,5.363099470095694e-06
318,2719951.1804951034,352662.5907442898,0.003679934983814107
319,85609838437984.5,355739924625.73486,0.002847971295702043
320,102976264790.83342,2223339999.9777136,2.873435065723374e-09
321,89497797998.97607,1999543188.605461,2.8729525357780208e-09
322,19559654554.43337,626665941.2183639,2.8540311436435337e-08
323,7766173617.755007,306382144.53135586,4.152373213619927e-08
324,2585259614.073941,129763603.06388016,8.100742799918282e-08
325,935297340.55631,59489343.10502282,1.3947916933592965e-07
326,309210239.50552446,26122822.69232226,2.5536208095167027e-07
327,96594203.95954068,11107238.862511128,4.534528313750146e-07
328,30397513.047311846,4579714.843881001,7.888453556542766e-07
329,11323269.85965181,1903347.3371627955,1.3383293641050032e-06
330,5668524.623409857,853852.9781757608,2.253969711413495e-06
331,3633170.875309276,392982.7328714513,3.960537473129039e-06
332,2847052.030039843,174488.0902626504,7.336561029957937e-06
333,2567754.118380535,83461.53649670642,1.3180646914801195e-05
334,2538582.4955124334,240761.25922550308,2.368044076797382e-05
335,4496462.674081458,1471672.0582398796,1.4863018697629452e-05
336,2456289.607725892,69765.6866559365,2.1114742111198892e-06
337,2450070.751727691,25429.14384840285,2.0218463046602127e-06
338,2448524.970140772,21925.840675018208,2.7386951262038525e-06
339,2443815.964022939,19209.272835009368,1.0765508892131423e-05
340,2450497.509206129,128473.95514384053,5.995082371352665e-05
341,3710670.0908141374,911346.8780952109,2.2967379286845125e-05
342,2429219.2813473614,20868.522886839095,2.8473355770776204e-06
343,2428555.43981532,10223.054099429413,2.9069834744048418e-06
344,2428263.6618942525,9560.065853108164,3.0523865522418556e-06
345,2426695.6066652187,11452.960935456142,1.788510555106755e-05
346,2780993.789383937,521766.8069996511,0.0002195894911772857
347,4619759.544662691,1534105.1820621355,8.545002018382003e-06
348,2419497.937549877,105530.76863024701,2.1693162514550514e-06
349,2406047.9886342385,21076.523417117103,2.03033136601639e-06
350,2405393.461099264,9469.931763347146,2.4936733240189453e-06
351,2405120.915097726,9456.330485777367,3.04442949369433e-06
352,2331957.54082378,45704.68053633153,0.0008708924731140706
353,761616472412.9119,10333734972.3049,0.007173825877107746
354,610369472.146123,43148037.072864614,3.260710207612771e-08
355,551991602.6416299,40023955.17517004,3.25449221498406e-08
356,113098561.56530517,12399136.349968214,4.493095750695162e-07
357,41565031.06782175,5878572.692801503,6.487358141391042e-07
358,13181627.843033085,2304315.6445063357,1.232201367614032e-06
359,5826473.6865659235,1012016.4085766521,2.0072989975502524e-06
360,3317189.1915081604,468629.6787215026,3.4878708418898124e-06
361,2346399.5777864736,215271.08892468846,6.379528081920383e-06
362,2018556.0924501065,169486.46412936028,1.1382422535625577e-05
363,2550901.8025510153,756721.4274216762,1.6126569083750736e-05
364,1994809.1327961227,290432.0063189516,3.5797230302251487e-06
365,1866953.0732374561,56837.602421249045,2.605530191461006e-06
366,1859477.9168270063,40830.5428391847,3.057519081741293e-06
367,1849787.2000566195,35578.086865447265,6.273128033231358e-06
368,1822681.9572442335,60693.8526237716,4.3054805842722844e-05
369,2774045.978611765,733173.2343134065,4.381333705808721e-05
370,1813893.6230636276,14759.570982018475,3.3993273306017365e-06
371,1813468.519168625,8529.828867656632,3.343828696358528e-06
372,1813193.7681113668,8227.785568283824,4.01902208164172e-06
373,1811184.0675701997,14265.377464242627,3.325796855729695e-05
374,2420856.7454345888,721632.5681662847,0.00015504623518598133
375,1926774.067902979,288048.8283656142,3.6675664137657913e-06
376,1802319.5558353895,37495.95794899439,2.621921704297614e-06
377,1800234.518397907,8434.805827402512,3.006334041784528e-06
378,1800033.0691731316,8083.464165141387,2.9588790240837244e-06
379,1797795.4944893206,8202.42188697029,3.437049312106999e-05
380,7124349.944443585,1242297.0714871404,0.004664536259797534
381,293307816611.0229,5059935769.06818,0.00017765966315954867
382,7129673.895615007,1210212.857351562,4.365027426496559e-08
383,7065807.073223504,1208352.0278230149,4.3639850804249476e-08
384,329681001.52119553,34065834.19020512,2.838148197907309e-05
385,5689927.4866617955,1143249.7430711533,9.732131381211804e-07
386,4507609.4469700605,1046647.896698444,9.416315475164451e-07
387,10985731.65638325,3286319.069600232,1.114356941340282e-05
388,2127714.916988074,590697.4068626892,2.6927399985931595e-06
389,1547468.5613645383,256713.29455458053,2.28268643656321e-06
390,1438846.7824528026,57799.61438068848,4.035910419652362e-06
391,1433405.5144698215,13461.57323299643,3.3195984263689734e-06
392,1432848.2003495186,12414.490813132426,3.273792382754202e-06
393,1429292.2555386615,9257.750804281502,2.7016338815309684e-05
394,1425595.2811079565,35651.98146831044,9.284561807498148e-05
395,2573083.9645727156,730510.3994554642,8.67208276352972e-05
396,1420755.667255336,36623.459191721675,4.13873580515079e-06
397,1418676.0331702048,11753.408112311765,3.945389792963788e-06
398,1418370.4374080764,7208.421973837923,3.2614618841026086e-06
399,1418107.751571977,7196.728043818498,5.0650402136698505e-06
400,1366743.5736290216,76714.11893920579,0.001331888633493994
401,94191528108.5215,2160269934.727078,0.0026122341910065944
402,185429131.87507984,18416031.702181935,9.462066266674876e-08
403,155456803.56749076,16095635.336282747,9.441895544894901e-08
404,35588272.045079194,5233587.295271178,7.487155707660919e-07
405,13869997.713014968,2498051.6743700877,1.103017243218462e-06
406,5080860.194299627,993071.0558844086,2.1094901244887732e-06
407,2692784.932587019,458232.51841574704,3.452042592462397e-06
408,1773651.794236554,207352.09667363815,6.265899894983537e-06
409,1434725.0799183177,98632.85635735244,1.1396296506283802e-05
410,1356673.7771579316,176832.9832993223,2.025231547814089e-05
411,2046599.1096723173,591822.6793138509,1.7211304517566723e-05
412,1281605.9972455169,26766.87236958486,4.089079251133998e-06
413,1278804.3146051117,24870.48444575321,4.076154455072855e-06
414,1259211.932174002,13196.720538516616,5.027678437582285e-05
415,1316638.5809084077,185812.8403229798,6.988424830377554e-05
416,1292846.3952039345,155434.58695653672,6.225222333895041e-06
417,1254403.6345846104,10346.641454178462,3.3947879857081755e-06
418,1254153.2879488484,6738.958303725769,3.237493513311696e-06
419,1253889.1303012893,6735.424672978072,5.826021720029554e-06
420,1193010.9101701456,106046.2266671681,0.0018231832007302605
421,2433085823203.6035,24667952805.93394,0.0035672672812394023
422,2254177.777399834,576155.2125300848,1.5396409827360083e-08
423,2249072.7319102595,574856.9088375199,1.5396078127452157e-08
424,1426127.016069179,342423.31115828746,6.8320122219788535e-06
425,1201928.820264294,151491.6558838944,4.831703728763214e-06
426,1134927.22554361,91183.62207811575,4.158374469412289e-06
427,1084074.897741546,71175.72445230478,6.921353765361171e-06
428,987900.4962951434,41507.045744111834,3.060207035923193e-05
429,1190147.5801133083,315941.4130644139,4.412296494975096e-05
430,1021121.2903028877,174504.55282231813,6.291473786717311e-06
431,967331.0642767709,21675.173413028715,4.058852335558091e-06
432,966277.8737354272,9212.57415220735,3.6613666209681365e-06
433,965887.7056142476,8837.349042588787,4.712345812297544e-06
434,961034.8847372442,8068.096360950912,9.642940291093092e-05
435,1021904.7632808639,192257.9117889939,0.00013616317303020384
436,1064317.2193526595,225447.97706401913,8.49862898157898e-06
437,956138.9389873852,15250.08635428713,3.915501995376093e-06
438,955612.7583165889,6070.680841399793,4.17862511569939e-06
439,955449.0127365253,5948.752262953356,4.549081926337958e-06
440,952106.6520572301,7946.274214045518,9.773087670219583e-05
441,5589183.357085645,867476.5878965957,0.0014562535508315696
442,20038105.695071038,4802743.2597537115,2.0133563277062863e-05
443,3334096.745915328,789665.2540952202,3.0822641221850777e-06
444,1875025.1881277887,582425.8629838827,2.647206995112347e-06
445,2082097.9648521577,896677.6600476643,1.0086768628354992e-05
446,962242.3362074024,172629.377878246,3.972729691205277e-06
447,900973.4612793467,38416.72011976052,3.331971768988742e-06
448,897930.0860147718,6590.374272411384,4.276393694930468e-06
449,897765.9319526979,6039.665184564004,4.110658036010143e-06
450,896852.6348797939,5877.736262019796,2.551910026405363e-05
451,895414.2522843127,88843.60798899631,0.0006760239997327987
452,452665163.4766876,41945424.34208494,0.0003647378419439729
453,1011108.176028619,209796.83854789147,7.786320045055616e-07
454,979700.7737248336,176564.14205670546,7.748460992939847e-07
455,907624.4671416171,45824.88733884143,4.87446852565235e-06
456,899894.271620045,35843.70468788804,4.523251384297151e-06
457,886058.2162006216,28898.698960968213,1.2197088103598861e-05
458,870588.8098201032,72705.25583187386,5.3031662683701067e-05
459,1927186.871349297,839814.1759371834,4.2029898582312705e-05
460,857953.9618747127,25773.055892811626,3.375977394434613e-06
461,856592.498958484,8071.581163765721,3.2788077962112214e-06
462,856367.4376578503,6285.89113757168,4.362938233466281e-06
463,855961.2677785432,6138.7457279187065,1.0470812700696748e-05
464,851909.707634479,42213.121709653155,0.00028669411455934605
465,6547336.348555347,781741.2529874899,0.00022899509535163776
466,842067.1986535955,19665.801988884014,1.2002658487345878e-05
467,842083.5500680581,31802.59198563507,1.1762966277257134e-05
468,839971.1748081492,15981.630636085916,5.892965677539286e-06
469,839244.7702458056,9104.675347870165,4.541024484127652e-06
470,838761.4193902246,8600.494173149531,6.086119190574534e-06
471,835094.818776877,12988.671032893275,7.258311215045036e-05
472,1053049.522419559,352905.6762519414,0.00011498500522047704
473,841764.3692286691,70750.8518067222,4.533551796069271e-06
474,831176.6696126617,9330.868036542066,3.779327384239082e-06
475,830931.1591730099,5486.083755687647,4.258102956318591e-06
476,830741.9319058968,5480.6498228787505,6.297703222192928e-06
477,783407.4956909107,59907.436074433725,0.0018923590807123686
478,1047277818275.6005,13111955135.123415,0.005667016175230404
479,60361467.26345133,8063048.823261941,2.602635502307829e-08
480,58687723.85190693,7890727.825573995,2.6023631456425686e-08
481,12787023.51921427,2414661.4885448753,1.2175703197533365e-06
482,5384314.452858504,1187535.1120358454,1.7470356374832882e-06
483,2139514.9867793685,478044.370342379,3.4371823610907394e-06
484,1223751.6403954984,222296.46530130846,5.677845741049222e-06
485,864445.4383978802,99910.65334449269,1.0507559944325315e-05
486,741454.2652385425,66009.53037256844,1.8731239488584828e-05
487,863029.5712747977,294144.3491516118,2.959944668351712e-05
488,782854.8692428322,192258.52654910882,7.360005983852548e-06
489,688125.7342290807,28465.038124350445,4.4800360803260745e-06
490,685312.8392853697,18030.940842435433,5.090039655965858e-06
491,682870.5758269757,16346.885297687028,7.980971706730187e-06
492,672363.0849350358,24316.40170075486,6.824057466886798e-05
493,995641.4057799927,336162.1619972032,8.261270526595478e-05
494,669493.7605976748,24728.128646849877,5.7813875368082184e-06
495,668081.2199984269,6719.098065354181,5.394243296101649e-06
496,667917.5198045741,4962.014946425886,4.736000532050822e-06
497,667669.3455199143,4955.033055015196,1.009729189289074e-05
498,638344.8867376214,109928.88599758125,0.0028717295331722095
499,375751775176.0079,6081156074.117498,0.0024331860424523883
500,168252177.3577238,17666739.92599908,4.44336743250885e-08
501,154819147.62802273,16577014.351401735,4.441890841082642e-08
502,34196348.13554623,5178116.846837513,7.199824445075716e-07
503,13828514.92698344,2579837.2137042955,1.041891774586099e-06
504,4534115.017675168,1043378.5850215022,2.072090397998627e-06
505,1929555.9294902214,450271.0474063703,3.4786914375156796e-06
506,1075805.6649367018,204363.91717483627,6.036720769364212e-06
507,760408.5558020652,93513.6325523608,1.0879250170649318e-05
508,651355.309672042,66988.96086374376,1.9482869329667498e-05
509,782624.5832682981,290480.36406270135,2.91732826987094e-05
510,660036.6279806454,146547.2401887371,6.996823115846371e-06
511,602099.6210553756,25325.211445234734,4.6860122359960685e-06
512,599542.514790853,17743.417621868757,5.398572674585271e-06
513,596510.6993393294,15797.248233633585,1.0299504151952953e-05
514,586086.4950902304,28404.764676519735,7.984573435607999e-05
515,1035012.6932144165,368771.7415028368,8.636793829536557e-05
516,581969.9012552184,12571.542463065534,6.311523972009592e-06
517,581525.7025243649,5515.904127307166,6.1192910166324325e-06
518,581381.4722948188,4684.327302429879,5.671630073932655e-06
519,581009.472001363,4785.947161299044,1.726491567109676e-05
520,601418.9043901237,114644.21291845228,0.00047813719684913216
521,4708674.817800415,568756.3990516607,8.243796047250627e-05
522,665301.438284731,185875.7000396637,1.3876692090924691e-05
523,1508458.6835890766,724550.6355520984,2.0611044778191083e-05
524,572449.2895198443,47398.90138165077,4.210411417144332e-06
525,566949.8393527423,11624.404470118294,3.95329793321232e-06
526,566556.7260401916,4573.378075521463,5.1597529584701464e-06
527,566433.677080151,4558.7536249796385,5.90479245625664e-06
528,550416.6160874949,11605.300654231272,0.0008025059440619915
529,6947432171.167991,307786485.3643678,0.010111063185627895
530,105510472.59810996,13701622.208080245,4.1224976193193247e-07
531,48757538.20041344,7665281.591255389,3.9485255449578296e-07
532,14240042.382225418,2948872.672391836,8.927385195871156e-07
533,5495148.696967345,1361339.546572778,1.4289252487531106e-06
534,2209662.633150055,597368.5601351312,2.5821823762345545e-06
535,1112048.164636253,280620.85238206014,4.389117395505678e-06
536,673625.4186414051,136880.0663847389,7.778894203772098e-06
537,482942.54533438967,63333.914864449274,1.480392203354906e-05
538,424903.99220912135,63800.958598188714,2.5956275425645287e-05
539,579795.2301353463,271938.7408654463,3.111555112273064e-05
540,404589.6106368467,60885.507781850705,6.60994747016175e-06
541,392479.6963267254,16630.748736327198,5.450505798384899e-06
542,390913.5962256727,13553.304453483079,6.724650899607759e-06
543,387431.02585413656,11049.25283465035,2.1267667886208376e-05
544,383873.6940336083,34281.18352136872,9.912392100009084e-05
545,724103.8168220153,285028.13977770216,7.102846500071927e-05
546,379305.96038967825,5732.199513075543,7.68624701021847e-06
547,379144.2999907675,3923.790285938908,7.807442363302645e-06
548,378995.97395163187,3829.73928434906,1.0543446957322297e-05
549,378355.64138890407,9052.581325886682,6.1148671975827e-05
550,430220.0215414442,124935.44054493004,0.00010674224905141495
551,378759.66368500504,27345.560226528087,7.96086084053559e-06
552,376502.0807620606,4439.652512513347,6.547740533060034e-06
553,376400.26105636614,3689.0162788814428,6.1124435075623025e-06
554,376131.8952285464,3687.6566224592143,1.9723645020969905e-05
555,274389.1660234032,165042.93083850155,0.05281266758373178
556,2.0988081511750644e+16,22056833544075.94,0.023155842475017598
557,651337819.8337674,49484478.65908499,1.7360638820875492e-10
558,650912812.8936989,49459956.58967294,1.736063676102487e-10
559,134631845.84047544,14791684.407765485,3.5033000209464836e-07
560,54938105.67907862,7409677.02276112,4.988837837381573e-07
561,17765094.03625365,3102990.226291772,9.96448427680836e-07
562,6317824.491753936,1371385.3208157076,1.7073721489075174e-06
563,2400896.1474870536,572664.6547896153,3.05905540434905e-06
564,1213474.6985536814,258036.7900928171,5.213765675291123e-06
565,779396.5501665787,118536.94923327565,9.274350001136837e-06
566,613035.6492477828,54678.84229743778,1.7102507135288865e-05
567,566788.7861445704,75705.84350124477,3.042900348478599e-05
568,867788.1523415914,311425.684404804,3.209083189717917e-05
569,540874.9189038102,21504.86331783741,6.588639918730897e-06
570,539232.9110193051,11852.705197263818,6.241942871027751e-06
571,538324.7602319038,10461.307041627317,7.264177594069318e-06
572,535561.6927037294,11086.983292588251,3.298602318136096e-05
573,563581.9548283155,113347.32589049035,7.064949690553193e-05
574,545738.8990697464,70011.02365039256,8.211542740216378e-06
575,532419.6177088856,5934.728917783925,5.087740695018019e-06
576,532268.1436052029,4633.964110027757,5.396426678683028e-06
577,531983.861194478,4622.942707283165,1.3280424248334308e-05
578,520830.236615131,101392.96533467744,0.0021130686794948624
579,24889355799.701714,798262747.7258438,0.0014128983537781063
580,7084234.808878296,1527255.4614228606,1.806327849115984e-07
581,6673101.268782368,1455830.0637208892,1.80504412051774e-07
582,1761817.2253266468,430716.7756106428,3.8595314455919436e-06
583,1025939.0177816732,220084.48545956236,5.400148268689751e-06
584,662606.520961311,94273.77720097614,1.0960097579562454e-05
585,542890.9361155292,43357.27785988765,1.9164750140864096e-05
586,498465.7907557476,27367.828794975663,3.530100215493824e-05
587,578483.5632746565,174643.24068852095,5.7487200450402296e-05
588,542384.7712168704,155859.6349600717,1.0467246801589815e-05
589,483546.834082014,16817.075449175216,5.542211591961563e-06
590,482671.47206906613,6772.108725318059,5.055768851354694e-06
591,482383.6326467308,6429.488941193431,6.5024218570500145e-06
592,479565.9892352267,5554.767309623153,9.351551636369024e-05
593,512396.7646257482,119729.79456004816,0.0001734885151704961
594,534483.9278659894,138654.76455042613,1.1935410177130403e-05
595,476420.2572858612,9919.166248860662,5.537460105535034e-06
596,476097.9602358098,4233.25763981924,5.92788035455043e-06
597,475981.97819218814,4161.133639797143,6.6134075116847905e-06
598,473379.0564397439,6308.720300564017,0.00015473195439668177
599,5062701.475390501,168180.01671751562,0.0027181722658113734
600,39616066.947819844,7248521.514710605,0.00016756565330175495
601,4861810.06132764,57587.04840454666,3.935577099977897e-06
602,4848055.149602573,65028.245223380734,3.916453469753093e-06
603,4890120.947607741,95103.25487194474,-3.318856735448901e-05
604,4940386.673035684,95818.47400872676,-2.364895962908065e-05
605,5011089.214550789,53680.921490868925,-1.541731926260491e-05
606,5048343.631952336,47669.05714919309,-1.5344116341930773e-05
607,5152298.103028311,54581.124695457096,-4.863524352194531e-05
608,2025671.4336823067,525730.6171241786,-0.00040734315438400114
609,43075728.59034109,7787915.570380916,-7.722826352435196e-05
610,787146.6306669521,272019.3029835518,5.607788551638276e-06
611,544198.4267585145,31979.475593254214,5.809209759220577e-06
612,539237.9659305899,24052.112439056902,6.299111640988147e-06
613,532272.0642044254,20474.850970315107,1.3666628418547565e-05
614,526763.328653662,63326.77364955336,5.823528213112799e-05
615,871857.1518231763,320603.81814742816,3.802452848987767e-05
616,514477.8240908601,9687.347694034623,6.333923962659369e-06
617,514099.67344501085,6192.491208557571,6.489029363150018e-06
618,513799.9969564952,5829.5387617114875,8.547449935755128e-06
619,512574.6881794627,10949.274822980708,4.9893719249500404e-05
620,573366.0708036296,146770.22525372508,8.994458888111124e-05
621,513779.1988829598,37265.70808439892,6.985171714266557e-06
622,510199.8976530089,5323.721511111197,5.583062778069519e-06
623,510077.1941352208,4314.100368209255,5.219798379016604e-06
624,509792.77046110795,4308.810691130622,1.5292481705676736e-05
625,397689.9835370047,59636.009706415156,0.011348698712580792
626,8614489440167.392,53948741796.289734,0.010824490067458326
627,7249417859.493927,278475841.1737028,1.2151926600603364e-08
628,6353513449.790835,251083475.78743216,1.215885339408897e-08
629,1555644508.786256,83764905.69935034,1.2340639971278908e-07
630,621719092.1688944,42224461.94095931,1.816561234633949e-07
631,183014167.82451728,17109161.833886616,3.6542866621957263e-07
632,58584789.20215567,7445313.23939555,6.137216820068233e-07
633,17491656.23369849,3108570.5318650403,1.0861967440109815e-06
634,5198371.751830361,1292764.0126307805,1.8638428648359393e-06
635,1595510.0558276137,522944.66770499246,3.186235266601882e-06
636,614767.3569244705,211002.1714179043,5.322175846389298e-06
637,347810.0587450091,90834.54472679451,8.757029687880342e-06
638,263406.5030829284,38212.405878711856,1.4899647719473445e-05
639,238485.4181743552,15021.661906896772,2.5652307276540764e-05
640,232889.54512633695,12202.112359523571,4.118211362878829e-05
641,242742.5343705832,50136.74685993439,5.40736722343483e-05
642,231679.86408211236,17577.261094836253,1.2467101427207888e-05
643,230242.78778259692,4559.110953838095,9.376120983680085e-06
644,230055.52284687955,4375.194654834137,9.365984002026061e-06
645,227792.26608208672,4301.094133919007,0.00012298827451477637
646,280226.23738228256,144367.22587837643,0.0016351498446070334
647,50716318.30566074,8269751.611795571,0.0002900048830833007
648,213932.55175108457,52315.266246618594,4.981784272507314e-06
649,204350.4502252868,22176.55230444722,4.950557412590623e-06
650,202074.5042393462,4903.428328709107,8.542961060700371e-06
651,201854.34751922786,4756.903816721925,9.393645471852604e-06
652,198110.59930981058,4001.864776946834,0.00018603937177934772
653,192872.64344206953,36238.12245070316,0.0007903516903586526
654,134255246.8865174,16624178.351916311,0.0006896010750782102
655,199677.432142545,67583.78692949809,1.5147422786887764e-06
656,193235.07401882566,58745.676782093855,1.5086314137023766e-06
657,174960.42236636058,8191.380739143073,1.153336928930434e-05
658,174553.77807088534,4078.491514227254,1.0333268390633447e-05
659,174348.81422234193,4022.314313814826,1.2535894148603813e-05
660,168947.31467400084,8034.102848770317,0.00036708316493432134
661,26989398.193406444,5250524.172937018,0.0019981747804141167
662,676843.1812808614,208810.42315220184,3.4663015543263263e-06
663,535344.6655274396,196254.86776069697,3.3339835769364783e-06
664,5238953.356128621,1686802.018998872,5.543401792575266e-05
665,333248.73821174516,156099.33970156053,5.78486397399053e-06
666,222132.38729775525,110211.84485945237,5.295422782269997e-06
667,162990.0248344197,67735.73730515577,1.8012751337918825e-05
668,142836.10075848817,12589.697733814399,1.1173776020695894e-05
669,141966.31782057235,3604.036161093381,9.505843302375039e-06
670,141827.34400559022,3442.943285600972,1.1186093616881888e-05
671,140383.748403763,3358.049072666126,0.00012851273469845846
672,240613.508761882,163770.79599141722,0.0012609262203174352
673,1568084.222994604,27891.116398442875,7.431442014447038e-05
674,1504247.1816748118,47024.920992095314,7.008722117219744e-05
675,626882.6553326898,205059.77317946524,-0.0002074335398960527
676,1563697.029476783,109025.35190601686,-4.667330347826019e-05
677,1677651.3643194544,59407.351162786064,-3.103438667720603e-05
678,1722243.3946195515,28103.47934206417,-2.2024926178392234e-05
679,1742176.2822205725,27897.854117239865,-2.565081028985712e-05
680,2396907.1651059864,76236.8868121981,-0.0007938606302563127
681,2277154772199.6543,23139144355.371593,0.005998271332462115
682,63847383234.70284,1380613490.4895058,2.300263547775139e-08
683,31568649810.416634,798270985.3595341,2.1878372080711452e-08
684,9624181743.120028,322553966.6169326,5.1473976589370905e-08
685,3358844524.058016,146063016.59998727,8.575761631544997e-08
686,1071881069.0212495,61872561.45983377,1.5659683943679102e-07
687,353535395.588963,26832501.93087185,2.7164529755095424e-07
688,115764139.18535799,11541113.721183732,4.796564955424226e-07
689,38434626.70752059,4990391.133078926,8.416679632771722e-07
690,12954755.71128781,2161428.522867996,1.48281675733139e-06
691,4510483.2254957585,941249.742554272,2.6155494695689075e-06
692,1668770.6876001537,412800.71407200897,4.6323225548464595e-06
693,693400.350594071,182448.4080001956,8.247105612881908e-06
694,352578.4072432102,80217.47599055136,1.4764213435561916e-05
695,237127.3751972237,33260.195970826506,2.629398682273184e-05
696,204492.66797773642,13878.511584755923,4.4486869582012504e-05
697,193754.96073670808,10232.068857078597,6.902609741506583e-05
698,176109.4679245801,9050.002831471451,0.0001882402301597272
699,121810.09382296591,21385.14620096205,0.0009875396021243772
700,95046738.3571953,12055771.663177075,0.0016135798415235333
701,300028.4516124748,130626.78574591,3.059867401035211e-06
702,252166.7811067269,111804.2442103689,3.0272389323538126e-06
703,87582.09779326843,38151.259104167904,2.1006261198302965e-05
704,53842.03131468683,19021.397559645815,3.184677257757775e-05
705,38424.12655867143,7797.482201451576,6.322141429933258e-05
706,34021.41745150788,4112.21130333389,0.00010394692604082059
707,31296.564319121822,3737.8486330429505,0.00017638057407495857
708,18779.255765595313,3245.4814013558985,0.0010367258910817332
709,104625.31090742652,71648.9230119539,0.0038959685015193283
710,34706759.511363104,5724814.41390933,0.0004177275872188763
711,79861.3294576281,61774.13484447595,5.195201936190942e-06
712,61949.34220434591,51261.99888003337,5.140078943683731e-06
713,12853.631393466114,16338.26596064193,3.0203332262834354e-05
714,4425.1634321624415,7618.663803565751,4.4317993343361176e-05
715,1203.9687277406374,2976.0678499593464,8.300925458854648e-05
716,392.0627078488858,1165.0022532653038,0.00013616772802176418
717,194.98424014926422,398.8413366243872,0.00022364159721969076
718,160.7439431776329,141.14082159454867,0.0003379930888836703
719,153.15147908455617,103.93347744375384,0.0004831827778452876
720,140.87581313290275,99.40529706302131,0.0011671273567151945
721,51.676620078579106,291.0144617998013,0.02237745512055708
722,8611.238232747499,12121.081155623111,0.0173783033371688
723,2365.9641524410918,4725.504191563365,0.0005081603242021337
724,1131.7794780196405,1245.9099017571307,0.0003715998849779518
725,693.6537189075057,1024.0775646460786,0.00030450971206481527
726,2457.992677003438,5344.431523556876,0.0016727341281787419
727,428.3654316816396,898.4287814358147,0.000304886027732413
728,237.8495719076705,684.1192224380958,0.0002648835648993078
729,223.13590620116645,1078.5436254531137,0.0010974418531500035
730,65.30658054220646,352.62735090297144,0.0004717286465305625
731,33.35985582880874,149.4239320937119,0.00037240467235970254
732,24.070995654519344,96.74096294429214,0.0005813280107415755
733,17.580008249190428,60.77003753495953,0.001008516703693391
734,16.505583147137628,100.1899946736831,0.0015945667723219047
735,16.613023940405064,115.0359819946253,0.0009665520149553557
736,13.299815518500369,29.38416093870285,0.0004919254678562497
737,12.890199003756663,28.045972021800264,0.0004942893506234828
738,8.58228253404353,24.575627790543255,0.006162998220769786
739,57.924418085734715,373.9175138777776,0.027583798731055053
740,3134.730075587559,6003.917864893204,0.004422067277654343
741,27.205279134021296,240.33762855318594,0.00026644337398074416
742,14.264464518942425,178.10055395831105,0.00025647363343471517
743,1.995826274198901,52.91014914661647,0.0009894071588387923
744,1.075811970975284,9.323313214810945,0.0007641806952834105
745,1.0352314070051722,5.517949328342478,0.0006783629586399204
746,1.003033881227152,5.262038090817922,0.0010853436508164946
747,0.6197375322054359,6.320611077508497,0.021145703414356325
748,9.726417566322551,134.03778088941192,0.031206111377124066
749,11.761156389838217,171.1869095005909,0.001746845259682539
750,0.9385578050844146,36.7196960903139,0.0008692723812130783
751,0.5058230645280997,6.423562300265211,0.0007192538933210751
752,0.4872030401476177,3.4292785066022997,0.0006545446360837867
753,0.4772063017489163,2.1632462794060454,0.001053082089993332
754,0.4695071687247836,1.184461613393648,0.002732571770466782
755,0.46492731751703253,1.1197973084427855,0.0034344040553708033
756,0.4351637547433782,3.5122038229865553,0.034499935673072565
757,22.188723973155497,225.0980463459726,0.056000409879610635
758,1.3564799837389643,48.120262410034755,0.0009187991041516194
759,0.5400152852568549,13.967400372857814,0.0007754545898341675
760,0.4427024885766402,7.349256861668683,0.0007184568203130559
761,0.3967888859998787,3.4184752596177486,0.001174568647345426
762,0.38393095073160044,1.3487943056590885,0.0021310096449062912
763,0.38395348152828745,2.5646627686047614,0.0022061515865441166
764,0.3820407037592899,1.7763871460334753,0.0010979162657407896
765,0.3807151494630894,0.8540017874310285,0.00074618965995936
766,0.38011270912994366,0.8321748357913211,0.0008540425128401437
767,0.3716398871464417,1.2677785055731916,0.01301939770633141
768,7.760974004644809,157.07417494846382,0.1
769,3.359133451559998,90.5594830679971,0.0010421170180768993
770,0.33609211801030003,8.812179510161533,0.0006613606288870841
771,0.309255166486075,0.9312869386389657,0.0007324968635663865
772,0.3087729012163152,0.7275657184149613,0.0006920512178687626
773,0.30784340588297265,0.7239072586350856,0.001761304478636902
774,0.26201273527961977,1.548986486568633,0.1
775,14.470998157642542,217.74583326796156,0.1
776,1.1899003224726155,50.80685822097128,0.0007999788235101833
777,0.23671255559885207,6.575255875874951,0.000648883628585893
778,0.22096215161848232,0.797655662337874,0.0007448515242702049
779,0.2205247472514298,0.747678668224011,0.0007279217486944047
780,0.2170551230573654,0.7074158074380239,0.006550681876348059
781,0.22742846066554367,6.48625120350342,0.06234924370177778
782,7.635341853160274,118.79245376124211,0.02334886920539757
783,3.810019329786181,91.98672454640801,0.0013867126759605159
784,0.34434210644052676,16.581468886880657,0.0008941980254709784
785,0.2174574765008246,5.811642140411502,0.0008035110530704332
786,0.19465261524233757,2.677346408563156,0.0009458219488725604
787,0.1883202689029475,0.7739737461776364,0.0016493576539143699
788,0.18772470158735954,0.8846266625923822,0.0017721985667662314
789,0.18730428553520317,1.2711323730396522,0.0020179881572605315
790,0.18670199976905533,1.1385820335214965,0.0013757601182032009
791,0.1860527906805438,0.6474521454118484,0.0009431019658781619
792,0.185683385432156,0.5919946380052877,0.0010057909795078968
793,0.1843872629007488,0.7259382366232281,0.004060420968585945
794,0.24389496242094522,13.52152038667906,0.022776094058038193
795,0.345472512759867,21.150413321501308,0.001907241714842712
796,0.17653659156973323,0.5528301746584984,0.0007448479168453581
797,0.1763187374311066,0.5237871851084108,0.0007515884252605033
798,0.17432873794991854,0.5199855997492348,0.007286112646371825
799,0.153084503342785,3.4029122278299226,0.1
800,57.34472533178819,303.0484841314124,0.1
801,0.2504288272409494,16.26829572147912,0.0011482085992031196
802,0.1531382001010808,6.407486038186928,0.001093946307546098
803,0.13567938282507175,1.450380551381761,0.0008279875364359804
804,0.13406029978147993,1.2441145575186314,0.0008495944327116161
805,0.12821300076315012,1.2307249444241182,0.00451259978637808
806,0.13578224370341996,5.277181659246026,0.013804326002664109
807,0.24415458241952148,14.527293605160027,0.005067740692063241
808,0.13226786599839002,7.0147949708730515,0.0014194704590466591
809,0.11616758625466472,3.158304017978532,0.0011382760162534002
810,0.11211950932391668,0.5915899269532048,0.0007966162129361188
811,0.11183944717610927,0.5774233984659166,0.0008125953642011004
812,0.10516113825172146,0.7100513332847813,0.026694486231567283
813,0.4223678056007474,21.609865113622256,0.05362840710917384
814,0.17320448022572288,11.026222263324987,0.0020637359213397043
815,0.1068022349883404,5.147481585505845,0.0014128554154557897
816,0.09831030644547178,2.351788554611531,0.0011472002040317185
817,0.0960576995179685,0.3834833930931094,0.000797584482116114
818,0.0959388003845798,0.37947887847797585,0.000814471781150671
819,0.08884888547233816,1.0405650386317773,0.05562857631430374
820,3.0938621762636984,60.69950305584394,0.1
821,0.14725280476323221,11.16868890432573,0.0017840845578777065
822,0.09601751489385091,6.9304959272260875,0.0015533782758053011
823,0.0779476854699459,2.130555135520368,0.0010602584634664322
824,0.07605793780622494,0.3537455806967818,0.0008197435738026708
825,0.07595606877956529,0.3423888815520293,0.0008333414736853756
826,0.07403989062319649,0.5519066007217049,0.01801135337333926
827,0.6781863730451381,28.82651267812638,0.09674397580855475
828,0.2645579212815885,17.406418334785766,0.00226477882415157
829,0.06668134583381025,2.6777300127888926,0.0014171512954576282
830,0.06453056196990548,1.6022298387569327,0.0013247164463398734
831,0.06343349108745633,0.3134307197097333,0.0008572427710436895
832,0.06335154738027438,0.30601396068519465,0.0008543712518717326
833,0.061681137851765655,0.313201455335231,0.01803103291699893
834,0.08547833874230082,7.988285733741912,0.1
835,6.683377720195638,127.45122832807745,0.014715742302430916
836,0.3083623210698496,22.214022504156624,0.0008908334249007154
837,0.07059788390595667,5.332666094840857,0.0008219242566478007
838,0.0528417277574762,1.4367804240529845,0.0009908738272655364
839,0.051388922438136975,0.29932002205360875,0.0013419021533385145
840,0.05126809289211853,0.293276309181312,0.0014116605631528721
841,0.0502481344420771,0.8426847062186695,0.01581522390798486
842,0.41132429598933207,29.891605704403222,0.031636016109448176
843,0.05276562005428587,3.5199749231569957,0.0009200049436389567
844,0.04750552510522876,0.2782314163075919,0.0008234498609660474
845,0.0474431167882301,0.2636503607390316,0.0008491014638740057
846,0.04686270231434042,0.2649066795594898,0.008397990362850553
847,0.046086537161708296,3.006730281497747,0.1
848,11.903219614068002,151.12457175529363,0.05638147957178713
849,0.09524413183637181,11.452862731180709,0.0011042149010207433
850,0.04357518546511063,3.145008666024844,0.001085074098664208
851,0.039261913818295247,0.345764524102179,0.0008552815105562258
852,0.03915990452889051,0.3344217852942908,0.0008716956050511158
853,0.03732458753688228,0.41696136184411886,0.020603623425276923
854,0.14184526492875205,12.992540573425154,0.05069202906741358
855,0.06321221033302793,6.615208448846987,0.0019482334060500852
856,0.034391933016383325,0.36050553801357305,0.0012918845487838583
857,0.034294873098169476,0.2625845482102732,0.0013135190907178566
858,0.03421370356409659,0.24795183810428445,0.0015225065671162334
859,0.034075748705758024,0.3711484586219212,0.0033565624689726545
860,0.03467696496008743,1.4587879689786385,0.005064775435261273
861,0.03401493316704163,0.8631395453100092,0.00135986608239283
862,0.033671239954794596,0.22360664904260097,0.0008822766014076664
863,0.033625221212062906,0.2225781986499009,0.0009244009642720285
864,0.028958172411609473,0.27827832208364406,0.1
865,0.20494328253089011,19.99199971317674,0.1
866,0.3770270189657158,28.800439170274775,0.00212846527352939
867,0.02499995317260062,0.6432575736251663,0.000872639130215445
868,0.02479071691305823,0.227630398290981,0.0008567084243467259
869,0.024740003626240292,0.20950322952310646,0.001045304380628683
870,0.024395500761959066,0.21639171130714985,0.008205892456524954
871,0.0470987468657299,6.54524778271469,0.09434567864270019
872,0.7448403388830211,34.331225511696225,0.007633424799065905
873,0.04124069033591854,6.652978559365567,0.001236223619422202
874,0.02312427349930274,2.1539805660579217,0.0011815654507943455
875,0.021036290814501035,0.2107018479907892,0.0009061192116223468
876,0.02099747066635793,0.2034343794944208,0.0008995163937761568
877,0.020387827621912658,0.20865757560236525,0.016120230586426157
878,0.05667406161385902,7.875770126251618,0.09337011072103737
879,0.3237752277943089,22.73221402647639,0.004703990081826117
880,0.01835466559251392,1.2544149307765127,0.0012119569832973504
881,0.01769852432717961,0.44708614830203486,0.0011940390284766633
882,0.017594999479450202,0.17382077809936358,0.0009169867253630367
883,0.017563326912387156,0.17248363845923792,0.001053729883599759
884,0.015402883049290939,0.2780722268944249,0.1
885,0.20154813799660343,20.578652385437422,0.1
886,0.2894355905441421,24.286575834106127,0.0019817828751339246
887,0.014248502286209552,0.5937751268542752,0.0009098221642551087
888,0.01403400428374868,0.3146683394916161,0.0009266227510653324
889,0.0139058781854981,0.29724233984353027,0.0013490213438444216
890,0.012762766502079359,0.2225932931489022,0.016536725600916517
891,0.0223200930714878,4.512180923891883,0.03798942749982711
892,0.057938421226083614,9.792110055506416,0.003134659664917665
893,0.012506632215246005,1.2003254035980584,0.0010023564124766026
894,0.01177427745025067,0.21041692217787297,0.0009530837507913415
895,0.011740801385142108,0.13474757843641244,0.0010210024002940108
896,0.011706190330304511,0.1329011574217604,0.001967572537721033
897,0.01128073407506855,0.453812180528476,0.031550384488588115
898,0.3628713996601994,24.85850698568802,0.06652339883126208
899,0.022770078482106437,5.233526650883128,0.0012533214816585609
900,0.010650558731596316,1.0999265866025814,0.0011136944945096176
901,0.010089540867231184,0.12118689303155561,0.0009221003172527784
902,0.01007594924288624,0.1208204721652214,0.0009278026060094276
903,0.008680542695021914,0.14040092271962562,0.1
904,0.03627482724645145,6.998459750874461,0.1
905,0.10023261042195097,12.359604042669012,0.0033134515263371464
906,0.007478216859210685,0.27752058215891373,0.0011981649573650978
907,0.007434188636441436,0.12801942458560664,0.001208112584368547
908,0.007418767184777214,0.10880643300159484,0.0011467198133976362
909,0.0073825639540460175,0.11365467171448941,0.003195433698388505
910,0.008086653753690637,1.5471540812302733,0.03715302812907956
911,0.062364990236305484,10.846162461876187,0.00752907170610028
912,0.006893553649064077,0.10463226781595862,0.000942368997358007
913,0.006883741412651051,0.09968970009717017,0.0009397415261694329
914,0.006783199874149576,0.09904755978498578,0.010156808235347207
915,0.005941685790612272,0.4547189411702912,0.1
916,0.9875052592185342,45.325057154225384,0.1
917,0.018941270693239837,5.304820449783287,0.0010205842580934012
918,0.0051165622989405996,0.44312077809081213,0.0009600693309506654
919,0.005002230224992021,0.10998193817740323,0.000981857927399442
920,0.004990641410301644,0.08516501945730251,0.0012064454586331909
921,0.0049694389582034815,0.08498197930239673,0.0029300575994135477
922,0.004345834346682689,0.35769012799225997,0.1
923,0.5721609412045062,33.014692298174154,0.1
924,0.009606221635553885,3.5278730273804557,0.0011038879368669154
925,0.0037512513059572428,0.3449911465867941,0.0010331459888532814
926,0.0036911524794185357,0.08428043549655068,0.0009495919812972512
927,0.003684044991435209,0.08272893430047858,0.001013892499491394
928,0.0034613467057985764,0.08671054316978578,0.03868232441167653
929,0.013346202599597554,4.248022046166408,0.1
930,0.04653113036450048,8.620322188373938,0.0035216352405168985
931,0.002978011511682019,0.16374179014277235,0.0011628165005948153
932,0.0029622842151697387,0.07512799553257046,0.0011681124042616663
933,0.0029564140889613705,0.06812648196810107,0.0011731492394862059
934,0.0029333888765875893,0.07447921470653718,0.005169306504773405
935,0.0049591556171715845,2.1902604277841227,0.06414776293945817
936,0.0400458210966938,8.911137024434653,0.004800218195375261
937,0.0026442201020570114,0.06860933294634006,0.0009476541956337161
938,0.0026401251898986802,0.0628242395096286,0.0009448257970905839
939,0.0026167418900317416,0.0621769372767956,0.005958611778704744
940,0.002272257776985892,0.16970945863638007,0.1
941,0.12350787706110347,15.609136506726186,0.1
942,0.006197879556601678,2.9671226865872087,0.0011576078208419157
943,0.0019652548207656217,0.1239635225359971,0.0009947008495699682
944,0.001955696151089946,0.06703548267149052,0.0009616413918612981
945,0.0019496308540211602,0.06588742131090926,0.0013615618282953924
946,0.0017704327065663633,0.07867542775060661,0.07825320964764065
947,0.002081702533432865,0.9193145433828817,0.08283338477669179
948,0.2579114956104098,22.55144948912352,0.02577793088633579
949,0.0020525792149008945,1.0663769071782985,0.0010190746969784962
950,0.0014583476790806724,0.1083348571172652,0.0009994915009957119
951,0.0014507087292833995,0.04764860402795589,0.001047574810754295
952,0.0014476275870197453,0.046862802211164796,0.0013832077911221504
953,0.001372910657544215,0.0782810427176678,0.0366399886476816
954,0.02021694282698773,5.9846208648615065,0.1
955,0.005975318218988817,3.0777800759696787,0.0015771436224516224
956,0.0012111297134147006,0.2677643851820159,0.0010519662071657957
957,0.001174498111494813,0.04459481704999971,0.0010086664466627943
958,0.0011726074661714443,0.04122491286420368,0.0010219498285660425
959,0.0011602469263402825,0.041785267660345085,0.007328577175470828
960,0.001314088835867793,0.7609808155946669,0.1
961,0.17293212110598483,17.78529829248829,0.026560029575322934
962,0.002343792527757571,1.6611832170605971,0.0010952250027695563
963,0.0009736723594605569,0.17252236664085543,0.001077291360147956
964,0.0009584471403705982,0.03792131148845097,0.00099862799983911
965,0.0009569981703494677,0.03729703349204962,0.0010237418698370016
966,0.0009126877916491756,0.0391844882365924,0.032484389137590705
967,0.0018042521250118612,1.3870964666953338,0.1
968,0.03693836100584615,8.314476950682435,0.007345684132582293
969,0.0009538130254327232,0.5884523281399973,0.0010536503882014625
970,0.0007762880716918642,0.054963913294923755,0.001040642742960492
971,0.0007741622077200201,0.0335472044269189,0.0010257201812166614
972,0.0007723375160335541,0.03339967684631149,0.0016335310671982601
973,0.0006792000591578987,0.16763210224173258,0.1
974,0.12904074975313143,15.730462594029788,0.1
975,0.0013900137310074827,1.282400292994922,0.0010759111083613092
976,0.000574305255718964,0.0848224921366871,0.0010289431894242732
977,0.0005702406008560867,0.029763981851559533,0.0009936654608091549
978,0.0005692376302415206,0.029240161293369517,0.0011514935231104564
979,0.0005409990397694589,0.029221761900026382,0.03428278729530362
980,0.0008345826798019131,0.8619447738962606,0.1
981,0.04031889069119673,9.02953827202075,0.011278114654517755
982,0.00052509333751629,0.3521430943685387,0.0009843513904671216
983,0.0004576073719348723,0.04873845560678626,0.0009789685024544474
984,0.0004559166413669862,0.025670437650189747,0.0011021087128931517
985,0.000454892795128602,0.025626672277188293,0.0015557883690377528
986,0.0003923156604643246,0.03638910547299618,0.1
987,0.0036209923226011784,2.425573293747181,0.1
988,0.00223143464479168,1.8371431863503755,0.0019667888881304747
989,0.0003371248394719844,0.03939720871705074,0.001119460606813901
990,0.000336041623892871,0.023244190679568538,0.0011217157035887514
991,0.0003352645640923909,0.022817917908192886,0.0014843978165257892
992,0.0003248444183483537,0.05888754371822402,0.023858606316663634
993,0.008481401061394282,4.099843424980615,0.07403234203314946
994,0.00048787623266548404,0.6365821746077213,0.0011283024806271354
995,0.00028889187061222673,0.020625310849382947,0.0009767539117259147
996,0.0002884778576365248,0.020433771476443575,0.0009818842869522314
997,0.0002658182371088015,0.019604708898964394,0.055663745286880305
998,0.00023038920643228024,0.053005185691982884,0.1
999,0.011199692944719921,4.472828681601028,0.1
1000,0.00044485936410456565,0.6891590318327447,0.0012502461485721982
1001,0.00019880800490014797,0.061830950679068346,0.0010948694958503229
1002,0.00019675702970077188,0.018036171944676053,0.0010393183431555877
1003,0.00019641518454704184,0.01763884884000419,0.0010740522336899823
1004,0.00018906231677188415,0.01819928913931138,0.024859478822686097
1005,0.00045158763037018166,0.7657476008927541,0.1
1006,0.006536524581634769,3.6085960241985386,0.005605849860765462
1007,0.00016151801480710068,0.027139034713875798,0.0009816255154073436
1008,0.0001610140037099552,0.015540130193202287,0.00098034620237521
1009,0.0001606304885890769,0.01533576103664164,0.0016232144727234305
1010,0.0001528852664603405,0.04163301768335381,0.03749903642616826
1011,0.006790931870654968,3.4660615445801364,0.1
1012,0.00026842760164574745,0.4969614955357693,0.0012701034559861768
1013,0.00013057162039007168,0.013996742288155199,0.0011109150775889213
1014,0.00013035762568297657,0.013708579035770947,0.0011161802344549028
1015,0.00012552296035250312,0.01492285094312859,0.026105283276375645
1016,0.00031714378353678036,0.6511472275776314,0.1
1017,0.003949176459939297,2.797540301440616,0.0052093266047535105
1018,0.00010710542671596131,0.012896897413883158,0.000983812406231769
1019,0.00010694776965253054,0.012410174335059629,0.0009828009561905428
1020,0.00010483398984337863,0.012531952680632244,0.013820742011076309
1021,0.00011735394654740963,0.22082745007842824,0.1
1022,0.015746135481995167,5.328090286618243,0.027822638232916513
1023,8.753268959741387e-05,0.042948083032719915,0.001108720017435451
1024,8.65462542569194e-05,0.012125698329031091,0.0011054815598275209
1025,8.640190643999083e-05,0.011161541641692464,0.0010706914486335714
1026,8.560446487702205e-05,0.011324264362875503,0.006443926151086852
1027,9.853805580900782e-05,0.22441298101394094,0.1
1028,0.014690358901456662,5.462774859369995,0.024907916393911822
1029,7.102655946597427e-05,0.017081677691783717,0.0009839975789217728
1030,7.083174811796855e-05,0.010110150389166178,0.00098165315760048
1031,7.067525812633224e-05,0.010088188933184378,0.0015344769503337734
1032,6.103781146320013e-05,0.019733854819359922,0.1
1033,0.0013881026232219233,1.5549287772655667,0.1
1034,0.00016776683553542944,0.4599763967086738,0.001425920256115001
1035,5.2466979296203736e-05,0.022762324031773987,0.0011028717822910074
1036,5.21677215498716e-05,0.008951289580020769,0.0010901773579260554
1037,5.207802738831069e-05,0.008687718411948573,0.001159290675129839
1038,5.083537433254407e-05,0.010438918645574256,0.01685381424126019
1039,0.00022112966688076895,0.5992862803719127,0.1
1040,0.0007830902632447313,1.2220809047894046,0.00300689795713585
1041,4.351529287259363e-05,0.007976368282006183,0.0009894993683418286
1042,4.345266454179066e-05,0.007925137250020668,0.0009899851006277853
1043,3.818873843465325e-05,0.009232556291298858,0.08734395989070563
1044,0.0001626973586504873,0.48389055824499183,0.1
1045,0.0004947923671943148,0.9119986535911249,0.0032022624843343495
1046,3.2715213315772816e-05,0.007176836252842952,0.0011102599474455855
1047,3.265887509335799e-05,0.007067567845536868,0.0011107099073854917
1048,3.093541494443618e-05,0.00819672722800957,0.036473467781434184
1049,0.00013847543793416668,0.4752419514211782,0.1
1050,0.0004609013172491563,0.937463271996966,0.002941166804829602
1051,2.6485066853511362e-05,0.006232940817490027,0.0009895577369159953
1052,2.644687116841319e-05,0.006193244150984567,0.0009889408855436484
1053,2.3331193979143645e-05,0.006013279377189199,0.08472522291717484
1054,2.7681529388674873e-05,0.1167321414601834,0.1
1055,0.002883580582339134,2.2779738749729423,0.022696060663578953
1056,1.9570604551139188e-05,0.018556050524683135,0.001107753708502493
1057,1.9383389805805243e-05,0.0056564397802374095,0.0011048350936092946
1058,1.9350924850048768e-05,0.005299933027074366,0.0010876888753444994
1059,1.9125460092593734e-05,0.005437190780190792,0.008102078576644195
1060,2.6018501419140035e-05,0.13884683674030698,0.1
1061,0.001928860026587833,1.9676324183451723,0.015011927467572388
1062,1.6094483651902353e-05,0.005581806744678926,0.0009901792901952707
1063,1.606754861894859e-05,0.004824640693129859,0.0009887887640769467
1064,1.5976166745024104e-05,0.004807936043722154,0.003933375673990018
1065,1.3802410997046713e-05,0.009181611084448508,0.1
1066,0.0002954714337589741,0.7173521570962669,0.1
1067,4.1031033873778044e-05,0.23096861258862939,0.0014532430441372092
1068,1.1882342317917833e-05,0.00977344954885003,0.0011009864918634454
1069,1.1823749172324056e-05,0.004474641222851512,0.001092936646029513
1070,1.1799491126834297e-05,0.00436811703631431,0.001245515673306453
1071,1.1398128267097656e-05,0.006447767856881293,0.022832723753119157
1072,0.0001336567447095681,0.4999902193300641,0.1
1073,6.355590168876887e-05,0.3292641858626002,0.0016441612233721397
1074,9.7760106706714e-06,0.00383651983794457,0.0009914060516801311
1075,9.76145107601457e-06,0.0038214066497019306,0.0009920001105931321
1076,8.444543368926272e-06,0.004230490869612802,0.1
1077,2.0818804481472923e-05,0.15555425875148085,0.1
1078,0.00030357159175776484,0.7313315736611489,0.006316206842511787
1079,7.282914791181881e-06,0.0043219765423598054,0.001108465940269939
1080,7.262584340262225e-06,0.004212957777348742,0.0011076244667081727
1081,6.822540898087439e-06,0.0031662200389560575,0.031881760964911826
1082,6.645507801577942e-06,0.032162197286576225,0.07169042446155842
1083,0.0011252464059037664,1.5006282137515212,0.04755960124208905
1084,5.806340748694579e-06,0.013890229813781078,0.001002351655938002
1085,5.705832209516903e-06,0.0028911072833387565,0.000993763233521151
1086,5.697177116896707e-06,0.002864116394054129,0.0010443237919586978
1087,5.20338448830839e-06,0.0029733658239442136,0.061686207320742883
1088,1.045224356149469e-05,0.10396625146438442,0.1
1089,0.00018620814273274868,0.573196062547804,0.007206737577261791
1090,4.439809498592984e-06,0.0055195053362628605,0.0011068887864463363
1091,4.4209598305849956e-06,0.00258627711562591,0.0011062279519941218
1092,4.412819917383795e-06,0.0025262190027858767,0.0012551349491098835
1093,4.287001857831605e-06,0.0038548399144231324,0.02062341583084565
1094,4.6637507795282894e-05,0.29425459038041907,0.1
1095,2.5207625343959006e-05,0.20826220622168082,0.001694823028636438
1096,3.674237121235332e-06,0.0023009547524766904,0.0009924978281749327
1097,3.668983767697004e-06,0.002298677170156103,0.0009928649623353039
1098,3.160205184948815e-06,0.002137224073469148,0.1
1099,2.729136008229331e-06,0.003897930520028992,0.1
1100,5.1811221266792536e-05,0.2990590780023758,0.1
1101,8.672650736382945e-06,0.10701713820718875,0.0015014451682157405
1102,2.34127649790649e-06,0.001985988708364394,0.0011058608636930218
1103,2.3370481429416408e-06,0.0019270776589785442,0.0011057042802802921
1104,2.2722951168976024e-06,0.0020254697113769866,0.018167645602489596
1105,5.7747406957129916e-06,0.08766232440646826,0.1
1106,7.182818208810348e-05,0.3752819389466029,0.005243008979839425
1107,1.9413508856729687e-06,0.0017374223733206753,0.000993056576704038
1108,1.9383760150203905e-06,0.0017226579255722942,0.0009925841921523983
1109,1.7509833853480213e-06,0.0016710968657972173,0.06955095585154616
1110,1.5289402499396438e-06,0.003112351376694082,0.1
1111,2.880516048937153e-05,0.22341805792405878,0.1
1112,1.0078086075469825e-05,0.12615574665331056,0.0017148981555207327
1113,1.386883925046615e-06,0.00521965269029429,0.0010974419517225755
1114,1.3690952991563836e-06,0.0026883481875166716,0.0010922473788688544
1115,1.3596138873950042e-06,0.0025722229191374865,0.0013577604673041099
1116,1.2628892045875449e-06,0.0034461415213737244,0.020100792830105855
1117,7.324839703533875e-06,0.11121742913703195,0.03685358748608621
1118,1.5636594138174529e-06,0.02776151088753563,0.0012407735048116254
1119,1.1800561421964205e-06,0.0013098071937385773,0.00099327433789038
1120,1.1783493299611417e-06,0.001308364073523666,0.000995460784378677
1121,1.0159107184076388e-06,0.0012489902256655574,0.1
1122,9.659593060881407e-07,0.012538137773164659,0.1
1123,0.0003698941667067725,0.8168080765834453,0.07354465389705322
1124,8.347799378727417e-07,0.008746257680104886,0.0011177166048496568
1125,7.91591517216454e-07,0.0013359462949343477,0.001106093010382302
1126,7.895986459845048e-07,0.001312389105084062,0.0011296470350267488
1127,7.29678042387491e-07,0.0013744599601431165,0.048938784463820995
1128,2.9271805572664607e-06,0.06772134756857144,0.08463446190780392
1129,8.773221017775754e-06,0.12793338849842975,0.0028702897785894714
1130,6.439788257097575e-07,0.00117403819529764,0.0009937280110467114
1131,6.426219801338618e-07,0.0011567062907996458,0.0009934174342285417
1132,5.908875916779001e-07,0.001132644981877997,0.05464314380938686
1133,1.2824666260337423e-06,0.037029601908624914,0.09344337679741797
1134,2.134652086686327e-05,0.1942177006473784,0.006902273451708246
1135,5.134332333737395e-07,0.0011553535558847753,0.0011060433638310659
1136,5.120029544670504e-07,0.0011114341163418397,0.001104687338610756
1137,4.921521306377954e-07,0.0008900520059389387,0.0183838109207793
1138,4.4445647829603593e-07,0.0019253032583411104,0.07302634531177442
1139,1.4780662261434827e-05,0.1701641216415388,0.1
1140,1.4243997933725089e-06,0.045651950456427046,0.0012603422301443686
1141,3.8844157036839854e-07,0.0010976001349285748,0.0009938582485385648
1142,3.8725634423171657e-07,0.0010763722008039053,0.0009941697151156501
1143,3.5496748053069047e-07,0.0008677727628000745,0.047720285421323456
1144,4.268691569255847e-07,0.013556946757495449,0.05735811746530579
1145,8.05408101725041e-06,0.11834401969136091,0.010762662527900924
1146,3.190813984709322e-07,0.0008079013507608412,0.001108151757793897
1147,3.184416330795397e-07,0.000709636993222588,0.001104643364726431
1148,3.1599505993127206e-07,0.0006978460553864456,0.004901833444891083
1149,2.746346368670108e-07,0.0011744391163593171,0.1
1150,4.325107332735637e-06,0.09061521882492164,0.1
1151,2.005427290195458e-06,0.059538270260562326,0.001646560382669025
1152,2.434792094862822e-07,0.0010017882097884568,0.0009938388208412835
1153,2.4249342282362675e-07,0.0009791179063930193,0.0009940806978772116
1154,2.2016373749634615e-07,0.0006517045848801537,0.041836599730615855
1155,2.386303549534359e-07,0.007860330914395912,0.04719234678822738
1156,3.6766991876871296e-06,0.07933567713066086,0.012281185426008569
1157,2.0064930878023843e-07,0.0006774442486804879,0.0011101768674994625
1158,2.0023302894461131e-07,0.0005425180224018682,0.0011045961675012492
1159,1.9932597448849357e-07,0.0005402388512338357,0.0030884499063214984
1160,1.7199862623155477e-07,0.0005303133810933296,0.1
1161,1.9496907880120687e-07,0.009560798456127857,0.1
1162,3.2392027542777443e-05,0.2547975521371707,0.027522255653950566
1163,1.424480011680243e-07,0.0012019754717842784,0.00099723225295992
1164,1.4161112262450548e-07,0.00045680602997264094,0.0009935932450694396
1165,1.413648690381876e-07,0.00045254608948757974,0.0011913356264688527
1166,1.288472544943869e-07,0.0005036494893674638,0.06316129970699423
1167,4.0709880907570326e-07,0.02315781088118561,0.1
1168,2.4016655896491815e-06,0.06441068765463452,0.004177248406071394
1169,1.1016114330898702e-07,0.0004137752317088699,0.0011049216266027923
1170,1.0997696855494771e-07,0.0004035844723235165,0.0011046479916613059
1171,1.0662037646212908e-07,0.0004383234730770452,0.021094504059365526
1172,2.8044418681722107e-07,0.019484848503257955,0.1
1173,3.1198810122955642e-06,0.0780745476477184,0.004976548490182312
1174,9.104259061882551e-08,0.0003652267805516449,0.000994150804243955
1175,9.091052370238471e-08,0.0003636610852617777,0.000993800286366309
1176,7.838920296509872e-08,0.0003462363286799662,0.1
1177,6.84750140029092e-08,0.0010308655878997163,0.1
1178,4.181900358820044e-06,0.08638652416869695,0.1
1179,1.4137159793963252e-07,0.012119862814665124,0.0012592344415265026
1180,6.01519124780092e-08,0.00048505794962500873,0.001104493959801756
1181,5.989793971019487e-08,0.0004686350589397893,0.0011058557499016592
1182,5.602315480573766e-08,0.0003508241243687529,0.02315052676277155
1183,9.064840571294929e-08,0.008815279738533622,0.048657850670504495
1184,3.144730439022949e-07,0.022992875518560878,0.0035874191325811463
1185,5.1714291249294005e-08,0.00027748362297229205,0.0009948996826733482
1186,5.163807965275601e-08,0.000276083641578504,0.0009940413992431307
1187,4.4596799473812547e-08,0.0002711860605447154,0.1
1188,3.901252348614701e-08,0.00032107806785252783,0.1
1189,4.13415969128843e-08,0.003078712072491108,0.1
1190,7.0357595634682944e-06,0.1163552622063759,0.04078609003270088
1191,5.799554196063292e-08,0.007286913721850597,0.0010680935231999794
1192,3.1319273456176954e-08,0.00039654934581698524,0.0010320756019992071
1193,3.120773257732379e-08,0.0002507928450119388,0.0010054741388936333
1194,3.1101537489489723e-08,0.0002463936383096731,0.0017068203086983442
1195,2.820728052442853e-08,0.0006202938050282983,0.07905671778981371
1196,1.3876491118014512e-06,0.049945830863208716,0.09957555946186845
1197,1.1407307640904402e-07,0.012778817333014994,0.0013646687343116628
1198,2.6243052965915883e-08,0.0007714287869989194,0.0010902055150231826
1199,2.5838589248071322e-08,0.0004300714850281656,0.0010758876559198757
1200,2.557633517008288e-08,0.00041138555091132156,0.0014606719434732366
1201,2.289123759542033e-08,0.0006082546540267944,0.024932295018188
1202,2.065947521241776e-07,0.01929563452201088,0.03428121817813901
1203,2.389462428417757e-08,0.002199020999027254,0.0011069786889208704
1204,2.1475901438904585e-08,0.00017593823768491767,0.0009942105105901404
1205,2.1444946833222982e-08,0.00017580233118587012,0.0010003999521630948
1206,1.8472613844235073e-08,0.0001637198270875335,0.1
1207,1.5934525312244787e-08,0.00020870676128241077,0.1
1208,1.009939478381016e-07,0.01260949278165974,0.1
1209,1.4381171201531746e-07,0.015420131277035592,0.002435717556374905
1210,1.3816858493996111e-08,0.0005151624900080475,0.0010966269204898112
1211,1.3671390544911703e-08,0.00016071870175959576,0.001093405905262185
1212,1.364455470812866e-08,0.0001524509498225636,0.0010962557473677451
1213,1.3409569050776592e-08,0.00015197326691131425,0.010480258057872699
1214,2.2620700266574422e-08,0.004700949779846485,0.1
1215,9.167076062965535e-07,0.04267761111324218,0.010023623287377471
1216,1.139865988226731e-08,0.00014807025863908265,0.000995153596282621
1217,1.1378015298384335e-08,0.00013961229931373661,0.0009940783438937833
1218,1.1199540363055705e-08,0.00013283452293793516,0.009416795681847511
1219,9.796729039452348e-09,0.00034392706703012,0.1
1220,4.376456780993789e-07,0.02786686882517108,0.1
1221,2.919292129453675e-08,0.00608039242814791,0.0013451567548559053
1222,8.754703430620045e-09,0.00020913136618936988,0.0011044091775581988
1223,8.707022372773906e-09,0.00020353268461984996,0.0011056338302613542
1224,7.819003049949251e-09,0.00012168810531180082,0.03961089469308935
1225,8.561063946009498e-09,0.00158802387054242,0.04316576790759748
1226,1.0936962840576757e-07,0.014337635080824593,0.00998783612373347
1227,7.197008740725294e-09,0.00011968001844274609,0.00099831474025437
1228,7.184679060538975e-09,0.00010232927920501963,0.000994076006795741
1229,7.145936184135046e-09,0.00010191194054843915,0.003707640681760143
1230,6.161163184590827e-09,9.731939098130578e-05,0.1
1231,5.797863136568435e-09,0.0009177976871721691,0.1
1232,2.418082066573551e-06,0.06612627322413359,0.0811145602887111
1233,5.28938448772511e-09,0.0009810992514274989,0.0011171533372418357
1234,4.773486586920235e-09,0.00012972581591256431,0.0011037100532310896
1235,4.758130740098178e-09,0.0001094944131760829,0.0010728228905413448
1236,4.716399471742432e-09,0.00010478731081704582,0.0035889111678893163
1237,4.646182576384135e-09,0.0008213117359568407,0.0595634101137764
1238,3.5453870580559537e-07,0.026555205439856223,0.0333637802215889
1239,4.125253583832663e-09,0.0003848916047047862,0.00100814950069399
1240,4.048716435746863e-09,7.64345460545005e-05,0.000994038444769731
1241,4.042672808850561e-09,7.637022505615389e-05,0.0010349116964412622
1242,3.4827414087436026e-09,7.132208548936524e-05,0.1
1243,3.0208953101724413e-09,0.00018721836433871594,0.1
1244,1.3714683320190397e-07,0.015610351428297182,0.1
1245,5.759210577325381e-09,0.0023921701847027647,0.001273348960213877
1246,2.597030149379074e-09,7.25785051333838e-05,0.0011042526192566076
1247,2.591282020140925e-09,7.133719233501854e-05,0.0011051783981865133
1248,2.4148249421968364e-09,7.279607026125749e-05,0.04373771294928879
1249,9.986802605699879e-09,0.003985579864747513,0.1
1250,4.346922838392217e-08,0.00912547160695744,0.0032703835178958434
1251,2.0764621887429023e-09,6.179855054650698e-05,0.000994333336195644
1252,2.072682659333933e-09,6.12894629825201e-05,0.0009941283138946413
1253,1.834902671748834e-09,8.022373625690047e-05,0.1
1254,1.824667303275893e-09,0.00014649849270510266,0.1
1255,1.7792862062850713e-09,0.0006693462803402585,0.050808050981599864
1256,1.2959358942489415e-07,0.015248424631829946,0.02650712887070907
1257,1.442692015815544e-09,0.000383941619225625,0.0011267670298109364
1258,1.3631982346253543e-09,5.1981106085216555e-05,0.0011028179474725007
1259,1.3606372857100975e-09,4.5759048199026286e-05,0.0010790547725702362
1260,1.3514505645084738e-09,4.575967085608265e-05,0.004434989812723907
1261,1.4289149044144248e-09,0.0007230298039029384,0.1
1262,3.311705292240987e-07,0.025769022179704688,0.03649781717263707
1263,1.1065842247810451e-09,0.00011354045702315212,0.0009981983377392802
1264,1.099380326818376e-09,3.99400970649464e-05,0.0009941126067074205
1265,1.097570863191877e-09,3.988898685158663e-05,0.0011351483591310787
1266,9.460454278502765e-10,3.770868102629868e-05,0.1
1267,8.346567447238015e-10,0.00017554145378610126,0.1
1268,1.307436199227072e-07,0.015346207881259392,0.1
1269,1.0364650320072868e-09,0.0007588605660805009,0.0011585409737468475
1270,7.175939458478269e-10,4.772517217246274e-05,0.0011041864535368492
1271,7.151364062058007e-10,4.61156794749834e-05,0.001107452381095566
1272,6.780848762233154e-10,3.8017231443521587e-05,0.021522771376254773
1273,1.1898540446247323e-09,0.0010679063843349627,0.05648682723636292
1274,5.4118455953546376e-09,0.003105166783171,0.00388570934891502
1275,6.188241720169305e-10,3.0776109953767084e-05,0.000994932183060036
1276,6.178870507229812e-10,3.0591145357210425e-05,0.0009941897370961833
1277,5.351623182288967e-10,3.160492469842374e-05,0.1
1278,4.760407342880295e-10,5.056578687345687e-05,0.1
1279,3.8103455810431016e-09,0.002458029231964631,0.1
1280,1.6999638895814253e-08,0.00547792347364253,0.0035611494947463346
1281,4.5839796689545865e-10,0.00010255853392218164,0.0011038898616921357
1282,4.504575613760927e-10,6.672627270282579e-05,0.0011024724672057925
1283,4.429674922226136e-10,6.327778811787584e-05,0.001748562292528276
1284,3.905340252075255e-10,0.00014311071784885537,0.023055667618697612
1285,6.905179503652768e-09,0.0036280635720129096,0.026683181249639747
1286,3.7217267943653523e-10,0.00014224899445741682,0.0010325580200458999
1287,3.618539692537843e-10,2.290630517241142e-05,0.0009941303852074549
1288,3.613187325527994e-10,2.2883925955051103e-05,0.001020584261491935
1289,3.1142814499083684e-10,2.159350290738601e-05,0.1
1290,2.6939187508576314e-10,2.2074039842970078e-05,0.1
1291,2.8658232573991303e-10,0.00030183482011154157,0.1
1292,5.406162051984848e-08,0.009996008420221636,0.036960436354750104
1293,3.3562243105633156e-10,0.0004839615070345781,0.00108899687516821
1294,2.1895396179443208e-10,4.254364510563056e-05,0.0010755432433653747
1295,2.1788896510092575e-10,1.8063730282023716e-05,0.0010016817052596006
1296,2.174934533549268e-10,1.8016746722770153e-05,0.0012139257736993446
1297,1.8808982062935535e-10,1.938552270884621e-05,0.1
1298,4.001930773582003e-10,0.0006829930359705693,0.1
1299,1.0010523068066247e-08,0.004428728757520513,0.007525516820160058
1300,1.7084463286215488e-10,0.0001318796248789388,0.001006730571131265
1301,1.6129546509063523e-10,2.2156265885842504e-05,0.0010033633657676817
1302,1.6082022748658096e-10,1.903307034615219e-05,0.0011079720434231774
1303,1.592736389893012e-10,1.8049146220434625e-05,0.004388124730081922
1304,1.4399317476575715e-10,2.7666376212148866e-05,0.08102804525956192
1305,1.5221798298036981e-09,0.0016534507963664395,0.09620518935756206
1306,2.8956765672933462e-09,0.002340819664039901,0.002439817472768715
1307,1.377206752776068e-10,8.544713995593588e-05,0.0010116054311008892
1308,1.3332515344880476e-10,3.224649861208147e-05,0.0010066800988650154
1309,1.3207061440038783e-10,3.061765806313899e-05,0.0012521871092408638
1310,1.1971345928409203e-10,2.1617775554959958e-05,0.017151273422093962
1311,1.962483537408171e-10,0.0003934843464283731,0.03705350532401296
1312,4.885782333241764e-10,0.0008295008747525064,0.0034183104921741993
1313,1.1061240621415613e-10,2.3508105109047123e-05,0.0011010178837632494
1314,1.1024164045585974e-10,1.2909980712352754e-05,0.0010986288786772158
1315,1.1001096885585297e-10,1.2747697699149113e-05,0.001410956995414998
1316,1.0467342010831862e-10,3.357385463968646e-05,0.036955412442564645
1317,4.907212330499936e-09,0.0031132406047513737,0.1
1318,2.030166205784104e-10,0.00047783250991409167,0.0011466361393025048
1319,8.94635862468213e-11,1.13697108903676e-05,0.0009941136444818414
1320,8.933506030323691e-11,1.1360075768163182e-05,0.000994666323049864
1321,7.697241935658978e-11,1.0642719130262889e-05,0.1
1322,6.69312287124152e-11,3.137541197395849e-05,0.1
1323,3.942217708208825e-09,0.0026524024668565594,0.1
1324,1.1536029616344388e-10,0.00032307032247481325,0.001238657155855072
1325,5.76590624399716e-11,1.1498517792947193e-05,0.0011042653547635862
1326,5.7513908055878426e-11,1.133842511754737e-05,0.001105660279365403
1327,5.224408624518736e-11,1.347446851240565e-05,0.0783481519449975
1328,5.1727706788284246e-11,7.25357304589071e-05,0.08215913816882953
1329,4.304304035724913e-09,0.0029281288244604234,0.04255263081367419
1330,6.371253511524198e-11,0.00020647783288657814,0.001064121466493592
1331,4.2473929151084277e-11,9.73804523658526e-06,0.0009941131450665673
1332,4.238001761842583e-11,9.621313512634124e-06,0.0009963485494110399
1333,3.842538527831594e-11,1.1872153054923948e-05,0.08232801580086198
1334,3.682202747709999e-11,1.805033065190032e-05,0.08556356088386231
1335,4.262236394605412e-11,0.00014049787403672107,0.049341667780878014
1336,2.6028489358560847e-09,0.00215879219143824,0.018129627105511817
1337,2.9883590856504756e-11,1.674931520504318e-05,0.0011116999091122263
1338,2.969794518394073e-11,7.513585623670565e-06,0.0011042355561956714
1339,2.9620738814026524e-11,7.4199713765113e-06,0.0013778106261268773
1340,2.6481438066793088e-11,1.587042216291324e-05,0.09294763734018217
1341,8.384995954131518e-10,0.001278721344382432,0.1
1342,2.3946405227456974e-10,0.0006563160334037028,0.0015042325284331923
1343,2.5234790209160746e-11,1.5510435584610748e-05,0.000994269894276347
1344,2.4998836609459998e-11,1.5078732823629547e-05,0.0009946785033612133
1345,2.0907323758717013e-11,5.8436154983697396e-06,0.035633854229715954
1346,1.977872337694008e-11,5.353292856783869e-06,0.03599379572940329
1347,1.7456860303442555e-11,2.799533171558548e-05,0.1
1348,3.403558610296612e-09,0.002488923013103596,0.1
1349,2.1896704502499408e-11,0.00011903497803625951,0.0011311061228250878
1350,1.470997628281577e-11,1.143568296051645e-05,0.0010931071651651932
1351,1.463292053884821e-11,4.804672280002405e-06,0.0010196922081335351
1352,1.4605151686056945e-11,4.777708750358853e-06,0.0012077238441428049
1353,1.2711253780071507e-11,7.733113747638201e-06,0.1
1354,1.7254156173970096e-10,0.0005691405268267789,0.1
1355,1.1793485616488714e-10,0.00046297177681295826,0.0018032966902619889
1356,1.1346040340739224e-11,7.5451949979514346e-06,0.0009946305949514915
1357,1.1292025015982105e-11,7.0809979682871305e-06,0.0009945638545306725
1358,1.081808043456414e-11,5.774890190426413e-06,0.010807900551237213
1359,1.2665681202098475e-11,6.993143710824025e-05,0.043085267277558285
1360,1.6259405808007331e-10,0.0005260375981273476,0.00942432351661362
1361,9.807792367628514e-12,4.267888732523122e-06,0.001107952451140065
1362,9.78943532881757e-12,3.871318254072475e-06,0.001104296230844327
1363,9.695523580476176e-12,3.8111115466929136e-06,0.006319063152155028
1364,8.39071251065758e-12,4.699026861758781e-06,0.1
1365,4.295298822103342e-11,0.0002674751616466342,0.1
1366,1.5242724629409883e-10,0.0005403024167332707,0.0030025340436963944
1367,7.311302124686479e-12,4.6311787285680505e-06,0.0009944588575610588
1368,7.290342551199335e-12,4.510198260550902e-06,0.0009941942716027259
1369,6.839631013088918e-12,3.5114460338351037e-06,0.029142374619685416
1370,1.0204672824211587e-11,8.465279971763463e-05,0.06078814976871061
1371,6.987438200381847e-11,0.0003396034967465635,0.005536748776505729
1372,6.193433520829585e-12,3.0197806126752477e-06,0.0011056289935419332
1373,6.183468886840249e-12,2.9865886235400185e-06,0.0011043220979356616
1374,5.7243129282663375e-12,2.8731658820266366e-06,0.052575352839232696
1375,4.9657034178494635e-12,8.797688764742386e-06,0.1
1376,3.5060372621111997e-10,0.0008347463372681425,0.1
1377,7.819034860741931e-12,8.485874655554615e-05,0.0010951355935667055
1378,4.236604400516142e-12,2.511140367879015e-06,0.0009941403168142377
1379,4.230335840085807e-12,2.5067023214866627e-06,0.0009949811720470739
1380,3.656023076869237e-12,2.4958167355735706e-06,0.1
1381,3.2472139872346476e-12,8.704780578157207e-06,0.1
1382,2.973297680914122e-10,0.000730066309315657,0.1
1383,8.587999767271586e-12,0.00010042440686882262,0.0012559381161384652
1384,3.006159921105508e-12,4.910518467382239e-06,0.0011042900646653956
1385,2.979870993568925e-12,4.763132878628547e-06,0.0011069585429597244
1386,2.556671593199632e-12,2.08365494640237e-06,0.03662501597200471
1387,2.4676164295341407e-12,1.0666958148647448e-05,0.03731987889254824
1388,9.297870015768895e-11,0.00042719328624982,0.041432097741821744
1389,2.3583608571664224e-12,1.3646714452147174e-05,0.001025586583478352
1390,2.2641709745543e-12,1.8057403292068863e-06,0.0009941270791704588
1391,2.2608729181920575e-12,1.804382863760474e-06,0.0010118383310132402
1392,1.947343883129301e-12,1.6773161395334302e-06,0.1
1393,1.6806097481920214e-12,2.7359077018387255e-06,0.1
1394,2.3681438943125878e-11,0.0002006816430211253,0.1
1395,6.7812017977594945e-12,9.833127797032469e-05,0.0016451438530981372
1396,1.4419974413955556e-12,1.5437624921829011e-06,0.0011042396700151386
1397,1.4394329057694387e-12,1.504896579538101e-06,0.001104391775275369
1398,1.3927395063989296e-12,1.5991230375164674e-06,0.021546233844926342
1399,3.838630136094631e-12,7.286588255478967e-05,0.1
1400,3.8504632069214746e-11,0.000273988005349455,0.004732723081684616
1401,1.1901398214707922e-12,1.334693895771126e-06,0.0009944487329509642
1402,1.1883747960466454e-12,1.3290438553371746e-06,0.000994132869007329
1403,1.0271161552743907e-12,1.3242065730392909e-06,0.1
1404,9.023383955943075e-13,1.6282406991596296e-06,0.1
1405,8.712921998572779e-13,4.628110287140504e-06,0.1
1406,2.0484010421923787e-11,0.0001930525335140868,0.0566318018100538
1407,7.04254023733582e-12,0.00010981674382751558,0.0016492927229147898
1408,7.733134928440259e-13,6.397190100726584e-06,0.001055445267719742
1409,7.498997210732316e-13,2.1586930425200127e-06,0.0010399286703213467
1410,7.446484774450631e-13,2.0759566186995053e-06,0.001155888269472274
1411,6.742107831438171e-13,1.389662918258335e-06,0.023034834566480956
1412,1.189521919839229e-12,3.341622524681148e-05,0.03965380776538597
1413,2.0055484399930424e-12,5.253650368364633e-05,0.002565183300246846
1414,6.299820450785109e-13,1.2482797717855754e-06,0.0009982143351384108
1415,6.287192304119278e-13,9.60514880542379e-07,0.0009967589708307165
